-- --------------------------------------------------------
-- 主机:                           192.168.1.8
-- 服务器版本:                        5.7.35-log - MySQL Community Server (GPL)
-- 服务器操作系统:                      Linux
-- HeidiSQL 版本:                  11.3.0.6295
-- --------------------------------------------------------

/*!40101 SET @OLD_CHARACTER_SET_CLIENT=@@CHARACTER_SET_CLIENT */;
/*!40101 SET NAMES utf8 */;
/*!50503 SET NAMES utf8mb4 */;
/*!40014 SET @OLD_FOREIGN_KEY_CHECKS=@@FOREIGN_KEY_CHECKS, FOREIGN_KEY_CHECKS=0 */;
/*!40101 SET @OLD_SQL_MODE=@@SQL_MODE, SQL_MODE='NO_AUTO_VALUE_ON_ZERO' */;
/*!40111 SET @OLD_SQL_NOTES=@@SQL_NOTES, SQL_NOTES=0 */;


-- 导出 finder_rotuer 的数据库结构
CREATE DATABASE IF NOT EXISTS `finder_rotuer` /*!40100 DEFAULT_PROFILE CHARACTER SET utf8 */;
USE `finder_rotuer`;

-- 导出  表 finder_rotuer.camera 结构
CREATE TABLE IF NOT EXISTS `camera` (
  `id` bigint(10) unsigned NOT NULL AUTO_INCREMENT,
  `rtsp_addr` varchar(250) NOT NULL,
  `private_port` int(10) DEFAULT NULL,
  `topic` varchar(250) DEFAULT 'company',
  `framerate` int(11) DEFAULT '1',
  `grab` tinyint(4) DEFAULT '1',
  `tracking` tinyint(4) DEFAULT '0',
  `name` varchar(250) DEFAULT NULL,
  `camera_id` bigint(11) NOT NULL,
  `grab_choice` varchar(45) DEFAULT 'rtsp',
  `brand` varchar(45) DEFAULT NULL,
  `threshold` float DEFAULT '80',
  `face_size` int(11) DEFAULT NULL,
  `roi` json DEFAULT NULL,
  `recording` tinyint(4) DEFAULT '0',
  `api_address` varchar(255) DEFAULT NULL COMMENT '视频流获取地址',
  `web_hook` varchar(255) DEFAULT NULL COMMENT '告警回调地址',
  PRIMARY KEY (`id`)
) ENGINE=InnoDB DEFAULT CHARSET=utf8;

-- 正在导出表  finder_rotuer.camera 的数据：~0 rows (大约)
/*!40000 ALTER TABLE `camera` DISABLE KEYS */;
/*!40000 ALTER TABLE `camera` ENABLE KEYS */;

-- 导出  表 finder_rotuer.system_config 结构
CREATE TABLE IF NOT EXISTS `system_config` (
  `name` varchar(250) NOT NULL,
  `data` json DEFAULT NULL,
  PRIMARY KEY (`name`)
) ENGINE=InnoDB DEFAULT CHARSET=utf8;

-- 正在导出表  finder_rotuer.system_config 的数据：~0 rows (大约)
/*!40000 ALTER TABLE `system_config` DISABLE KEYS */;
INSERT IGNORE INTO `system_config` (`name`, `data`) VALUES
	('faces_expire_time', '172800');
/*!40000 ALTER TABLE `system_config` ENABLE KEYS */;

-- 导出  表 finder_rotuer.t_api_address 结构
CREATE TABLE IF NOT EXISTS `t_api_address` (
  `id` int(20) NOT NULL AUTO_INCREMENT,
  `api_host` varchar(255) DEFAULT NULL,
  `server_host` varchar(255) DEFAULT NULL,
  `websocket_url` varchar(255) DEFAULT NULL,
  `websocket` varchar(255) DEFAULT NULL,
  `map_host` varchar(255) DEFAULT NULL,
  `video_url` varchar(255) DEFAULT NULL,
  `logo_name` varchar(255) DEFAULT NULL,
  `logo_image` longtext,
  `status` int(11) DEFAULT '0',
  `create_time` datetime DEFAULT CURRENT_TIMESTAMP,
  `update_time` datetime DEFAULT NULL ON UPDATE CURRENT_TIMESTAMP,
  PRIMARY KEY (`id`)
) ENGINE=InnoDB AUTO_INCREMENT=11 DEFAULT CHARSET=utf8;

-- 正在导出表  finder_rotuer.t_api_address 的数据：~2 rows (大约)
/*!40000 ALTER TABLE `t_api_address` DISABLE KEYS */;
INSERT IGNORE INTO `t_api_address` (`id`, `api_host`, `server_host`, `websocket_url`, `websocket`, `map_host`, `video_url`, `logo_name`, `logo_image`, `status`, `create_time`, `update_time`) VALUES
	(1, 'http://192.168.1.13:4002', 'http://192.168.1.13:4002', 'ws://192.168.1.13:7777', 'ws://192.168.1.13:4087', 'http://192.168.1.13:4010', 'http://192.168.1.13:4002/record/play/', 'OceanAi', 'data:image/png;base64,iVBORw0KGgoAAAANSUhEUgAAAIgAAAAeCAYAAAD3hVYMAAAABHNCSVQICAgIfAhkiAAAAAlwSFlzAAALEgAACxIB0t1+/AAAABZ0RVh0Q3JlYXRpb24gVGltZQAwNy8wNS8xN2vbjT4AAAAfdEVYdFNvZnR3YXJlAE1hY3JvbWVkaWEgRmlyZXdvcmtzIDi1aNJ4AAADz3ByVld4nO2YCW4TMRSGndncLZSltKVQqNgCiH0Rq1CLWkCsRYjSInEHrpPLcAA0d+EGFHvGY/9eUiUlmReRcfqlU+fZ/7P9/Lfqrz8/f7Mf7Pu+bLl47ed5XjzlBXneFa+82+0WT6KtbnfWCj72wYc+ed8n7wbgbZ/cETwWrAu2VJ/M/bNgR7Ar2BN8m0D2DsHuAHwdgJ0B+TIIrOam6ktDoP8JIdDfRiZQ3/I2Av03CIH+a4RA/xVCoP8SIdDfQgj0XwAbBPqN/42H/xV/rxHoT7r/UfsPtb70vc0KAv0NhED/OUKg/wwh0H+KEOg/QQj0HyEE+g8QAn1q/6HW3+zQ+996BYF+438U/sdZpvQp/I9XbyT+x813Cv/j8CQ07ynuSmrRT2LeyjjjMUs65f9dNbXoMyk+xadTFgnN2wjjMjvxcUkSy3AenoabON3DoE92W0FVGEs4m22352KWCs1biCPF7S/T6aUUytHLnBt93p7hZf3dQPxJMi1uJeCGRWlA3our7l2rfI/k+V8T3FTnf1/0JnGaxUmccB3NzcBqfGEeYh0mkKs0slZWFJfu5LqZDdDpBPwnTtyUI2dgsCISe2rmh8J+RFWHq+9PjIfP3XmgxX5KPY8tTlpJ+Sw0HyKhSbzzDq4/6zHUWr/5Qe2yPHOkrO3qZUZVNY/YLdV6MD58/tAq30P/4yhvzh83P7B+9XFRfmmUipiIm3BRpnEo7YP8z16/uQRJcP2B1su5bH3b/xgrclX5li2NoArLdQTrtNKE/eOBEEff8j/RVVx+t2phKfIz546aydVeg7xz5X3960gWsixjgVXt9Tx/v5cf9DFT/qfxI+31c9PbT4OrEh4hNK8gwUDhttyeJzCnf9xlBx5ksP47iB/jnj/sQ2H95Zfu57pL1WArg5m8shGal5GgPpy/uw79kLXsYVl5SawrGKhboXkJ8WvLq//wRgZ+ISRl8pBYEtr/C0jAMjgvzt86a2VrupUiHFsa6cEmJS/JkP/U2cZA3/W/uvUt/yPQR/+7SqDv+l/d+q7/1a3v+l/d+pb/EeifRwj01xAC/XMIgf5ZZAL1zyAE+isIgX6H2H+o/e8iQqDf+F/jf43/0fnfMkKgv4QQ6C8iE6i/gBDoy3u3OsH+s4oQ6J8+JCtD4NQIWK6BpTFl8T/i5BBYGBInhszxGjg2Rhxt0MwPkSMjot0n82pNst5kXcu7Iu9ddYcbn2t8bpK8jtpbxolh+tyovK5fn/tX5saE2YZDM1MD0zUzBUyrHGSdyJqV96O6e3ivG69rfK7xuhHxF8mijT3uy8QIAAAASG1rQkb63sr+AAAABAAAAAAAAAAAAAAAAAAAAAAAAAAAAAAAAAAAAAAAAAAAAAAAAAAAAAAAAAAAAAAAAAAAAAAAAAAAAAAAAAAAAAAppDOhAAAdR21rVFN4nO1dTWwbSXbunRmPLVmW7ZnFJEAQQEGQBDnMTHez+ZfDAqIoShpTEs2mbNkZxCCbbJtrWfLob+JlOJMMsocAWcwlu9gNNjlu9pTNKcCecg8SIAkSIEDOueSYS3Zvee9VdbO7uvqPpEh6piVbxe7q6q7+3quv3nv1url7r3I5qDU3+gNt2Ly/1x8U1LaqFXq54WF9wx6ow0eseLhTtQdarjDc3mnZg5w6bG6a9qCoD5vmQR/qK1twCpt+ho16/XJQacCfjfXW2UC5oXQUS3miVJS2cqb0FWu4s7cL+1dg/zHs34b9p0pXWVPqUHus9IbN6n4HT7q+R+deN/uDXK80rFR3+gNjWNnd7Q96UMDu9rBibtJBZg3voWJu01alzop7VGzs8RNs1mi72aJjaxXaqjWp2GM7zQYcaw0rLVbZYmdvmewiu+x8rNhZx17uYa/UYXVfw+5U93U8TXU/R0UNdupQ6KzIYTFMgM3tADZN5US5gH1dpad0J0VI++ogZAIutnI+OUKabYyNkTYhRtrVYLQSwGjsESaik2aMzRmdFY7OOtz7KWBQgb8XgNMzjtINjtIIvSh0sN8eeAoGw4fqY7WnZPjwUX345HQ/Qt0Jx5jOENIZQgZDyGAIGUOz8ZhJ1TThg9WBHfvsNkxzn3akwfAmx7AFY+8PQdMuoD5uFOZ0maJFA6mVOZR6x0oBpVViUNL+KwNTLycD8yYHswYQHdGwbAGsLwViw6H6VHlG9bs0DTyH4099kBa7DNMih9SSIqpHjFxNt+RjV40Yu0ZhzLGrl2RoFhiaJYZmiYGn59sMvJzWhT0VFLkNe7BPpV4KPK+7qvkMyW+6U2dCffTDV75q+LxgIY7JwVrlYFW5woWrnghdyQcdwRELXr6XhBdnrHsVhxYrKQfuqmuzsYF75A5gETsQCYGnWToDT1MZemWOXr7kQ0+NmHNpYk6IHV73CrHzQrXKodoA9TniUJzC55cAyKtEE6/DbSWLYdSbkuGvRpm1+lQBEqeJtAC9zQF6CBp0Hkn8mtxoi7LZsKkPHz1egcY22pLhQ4MPZ0/J2EuC15JHoV7A5xPlJJKzHNS0XHLCV43082VeZbDRWEXg7PbUkXuMNKozAwSnzHGxa0Jth7A7jhyOWnm643Ee+jYuYd0H+7aPR/kQMvKc1TuCetkcIpVhZEUZuKgZ8SjRhOnBCb0QxIn06koGpqheroHrxfAWx/Ah4EazHmydAE4nMP/5EWTGmKU8jxyfekmmY8y2iHO18npiLXPQI/bf5HZJQvdAjl9Ohl+hwODD0mfhiiZachi3obatXIKCpnC0XOsiWcQjBZCOYUtOBSKZ6yZHUuvJkCwF7DNHARFKsnIRS2axOR+a+wzlZpNMK7O5TdvpME7jN9h8HrH9QQEcjrH4dgpXb7/JsdVlWsoch8dcPRuOA+Z4Yl4M3+YY7iMZctTuulPwKWDZptClCSR6RDgHTWERybZPVa1S/IzMcdR7vSjCtNoMSZ0hSZa3T1Up2mI6gyJGV0HRGZ4lDmiJIWpxdbW4vlpcYdlQdz40vej6WIA0l32o8PhBo8kjC6jMtKdpBplXJopljyj6YGCfgxCiI3/ttO5vGh3OceR1PqdTTIZPhwg8hSl2SUIp9Rj31rg0akwahDFaks11GoYENVHCNrmQBCIM1zgMnbjWTFSY2DJehYWYlqvBkUalX3/zKg+iGjyKavB5y2JIUpmjkpBkmijVViJcVFKHcBHtpCr6rjxsyAOMyZS2OKbSJorYGAxruy0Y8Jx6jY5PZw2ZzhYMOVegDBBrKnNU+sOI9AGR1ZGRm1yf+TbqsWYn1uNlV4/PyarFVZKzJPEcxzVypjSt3Zs0zs2hzQt84J/U0JRAZLUILXaQTarFrknA8dM5frotjfJswMTf5oZB20XS8ZM2SFXRz4w2vgTPnG5X4psLXmZxgqhsW3WML2NCMzaJG1BxSIEPj/RINij8g7x6lApJ20jgrtuOu46R/5T+gK36Z6gp4+gYsWyc7zsj3/nQcCwA0/nQTA3xdcW3AJgGXiuRkzBaPkiDb0+YuchvmCrAZGKBRejaUckxG2cpSx5+Y45WKHRogqYd4+5CVt7xVXVrQg9LGoRzFU/gxiUOXZXG7DMChsF2x7NywGsIRJzGX8ZO4tKlwAVYkc+NueYcjtNtKU7JHPlFzVvQuH7x+TjPYMozmNoMpjaDqT2ROlUpxaPz2qqTPiN1SpbKsKgoaVNHaTVk0FFyVXqM/BaHOvtkqiiE8tyt4F5FQoSWXIROuJM7qxSqqOmubBljRry4g6syaFQGDfe4uMOlSqHZIP/oFa1/+I2oJux/HkM8Jd86LvlBwXXc8WExBJ9JL/GAP+UhIDQYIgxGUUK8/zJXnDJfz+WmQIHbAgVDjF454VY3DEAu6TY5yMnATLcAINhVibIKkq2gyC1+JyZFAa0rMPnJqnKAbHptfzfI6iAaYniFI5qM8630gI4xbh08g/qZANCcHpFsUOCqGaaZrg8Vg2MDGO4YPgVDJJryPtT2wfaPdUj9y3tjIxk1N6TIFfKjWBp39gwi8ysyZJQ1ZR32nsP2+/AJF0xR/2I9peliNt38qilidtcNE/FVJR7X9B4pSwkinzF0gvWvJyUyPCKnVz9QyePHiYAKX+wkF5OWQyuBhblwSB3HfMtdl++joXI1TwtYydP5UiWXCusZ3GNqMyDbEWuelBbjSS4NXT12AGzyMO+J8kIAEHXyWLExqQjHrwxALW8wAAv+lc12ioXNgnThWMpybHoYh+ac2dePoM4X4KnMUckivwW+GiwuZYaDNoqcfwKuZ5sGcnTkPD+uzqVYaWcLER6LJUUIzejIzT/cX+P7a2w/LZ85GqcVeXSyyJYlnOUIWvDZZlNvMkydvLYaBtdkWHYM31Kao31p1tIiBzCxrMyg9uufswjBjemcDE3LMf+E5Z0yN1jK3GIpF0ZoNh37pDJC0bFXhLS3cBCv+zy2aJXMyVRSyEOS66SafJGMQA2C2DHiPRJ3JUdQSZQL00mdr+XgB7ZMVurx8Dl+aDiD23QUstnnuSBswTcdpo9ooEfnfPhzkxKtRqSZXDioHakDLKw7SueWsNWxMC/Pv67DVZHWx0KeBTkAqI5pTfyCZmRnnr7GQcwp1TGC5sUkz9EksXFyflfEDyBwmGThNtkiuV6SpBtsMx8kDU7LI5zAMNwiM/HTaMSk4zjZo0cOZFq8zlnScaz1ZGSozRSyFdeCeUZLr+iH9AKpqiJshXHTWrTkqfVu6luukN7jdRZm4szAbcfs2w6afXHQrbqBlxNw4DD0skbJb2exNrTmj4GSmZviSS1X84x4O3BsbxcNvQQIUqjAKkpCBfTYB+1wPjiZFg3OhHiLbBnWQ43i0mKcFBy3ENe8++Q+p0uPkz/gFSmIQDwsJ80uKpf8CXK2lDflSVpC/MaSk4DMIhI9m1FqHDeJvHkvNNMj+sU8Q19wHZOCXwO4MYE7bW7iGOAnYl9K1PBg35ameTr8myQjRjRGpfzr2E5NN8MwaCrFQXrLwypohj4DOMfglKmvH/DJvyR9ngfTyj1KrKfJLQqbyZjRZAY9yzgE3+MIPqB0N4sWOM8ouIYhNYyBrI3YIr16snyjpJBKqcEPqWAcUM58kBhSGVQ5HjnK8dARlEQMnLC9utrgdO1L9Sb+9uTJlfxpcinNV8cs24f95ySEuAfmp2GW5ZMnIQq0UI53BZyIuhAkiTLKhrV69XJQ8ybN2HwBok8pMxdEm6fu8qHtrpF1KRR8NDwIreFg1tjd1NhgrrG7qG2SOVBrVumQZpPV4RCD4pCKLbdXd6EnlhsT7PIRc+4Ju565TGXxZRLst6U8B+vHiSDWth7Ave5t0PW3duDzVgPfelJjbzVR6WfoqdKcKv7KE6x7hHXq5OfRxjyFU4U/Hrktu3LDoB/afV5Vtz0BQafuIKJuPMkZTHJGJrk0krvBJWcSIn3PUj2TzB6h9EIy1rw140lMZRJTfR1a4h3iLxGRDH9vzUFozXhd0lmX9EyJ0ijRKpdZE5Cx4G4x4vVUIO9Vl6JlxxwkOGY8ibaZRNuZRMeRKCPmczIYTx28BInKjzlIcMxEU7SmZSJNI9JbXKSb/Mnjl7Ss7p2pb3FhyY44iD1iPGGWmTDLmSzHsbcao6CCm6rj2FT+uoOIuvEkZzPJ2b6OrfCO4cskOkqVRPGMYh5ObNV2Xzbhrz+IqR+vkxq3MbCsah5Ea1Xdt5XzbRm+rVZHsFFGRlObBsAoS8rmy7jO/oOQ/ePdTZ7dTD4bLOOYuA2yDi3PK9mcweDsPwjZP560ikxaxUxa40irRoh0XTwcqYz2H4TsH09aJSatUiatNNK6zqVVobXsM3eF23azRU9dSYl7x5OTxeRkZXJKI6cl10NDo409KiUG1UY1YlBtVDOezLpMZt1MZuMw4UN6aKsXYMLR/oOQ/eNJq8ek1cukFSut4RYFsDOconEaC6BlDpDnyW2oG0FTkPXHtgsFXLD1VH2gl5zaklpS8a68tUbeqS0U2D17awujprZdFCqLeS9c/st6kCzCv6BEXr/uz1sRmpTdXqF19dgxwi4r709ZVTt6wjGS7DzzguaOh0QAFA7RIxorLNNrBFNO2jd+D169yCe4d/ixqOMChld1kXkBfFcA2AOtRBN9d//BqBMdVW+3w+6/a0O1v7IstoyEecoXmhfUqxxqrOlgRJHyloIgS4lTVXMlkfxGxKmqerldDCNOUM5CKHHKmhYjmmpijxLx/kJ3f97ktkk5mJQ9QdlUW/R4BLSKUwpdzVn+vnlR1TrlotYJQ1XrGTZsyVEttHuWqoWhGjyxJvYokVIsdPfnpRS3fcaAqwpxZBw+23gYUlXxf2i3ZaP5qi4yb3gxUeyE8p7PlX3+Mq+n8VaXXlbb+XKYISlV/QnOMy+QljwzFQZGcHliBIwh6025aBQ0YWbOubfU6ZYsYbCW3NqCpfc0uXHes7sdqxvEdD5dmLc4THpd8qUgDim1lnNlMErDqNXQ8TeMWjv5Tq6jhVFrIejAjai128NfKQjo25WSzgwL3f15qcFNVw1e8vQR/PaYF3GqICNr3VsZ8LhHHdbbEYaXSPMwoEanDZ0DnO4k0oPF7fu8lMCJqrmxtFF8LW7uckJeUb1KFjFIcp5pRB83a9XLwWbNk+HRI5h2KOkYTeYK/L2kV0w4VNkjeB7Tm+cfAzBPh5sN83JQ3djEP/fgmN8Bc/s5eGA1otMegXnKwdyH1kfKK4W9uO4FjLQTEskp7NtUbHrcG0feARy/xx6eGlY3HsBZ37z/3d6P/+zfhkPPlW772uwoZzw/vc9fvsVavsVHck9oa5LocazvUorYOX8HXJ8mANb2G4omtGIJ1z5sRmrEW11XfhOUzFZU9us7wyo9CvsptzgRzW6g/RK0Vz2/OcUO3Df75ogz+K2RevZizyL25K7zNB+9bxVlcE4JE2c8cc5yEfyG0PKmD/ddejHhjlLlR/+WMlCKVFtQNPhVFV15Hz5jH/ET7uvSazpKsK8INax3eTqyCH81qMGtoe+qyx7EH9KDMefKM37NN/A6vqNvCfI55u+Uhbtz2xSVvNBmE84KZiq9+IeeoYeSloVDkLhFrxd5SpJ0vr/umNqduS1yvhYr9F1FZzBCwo4XrzD6ii25dN4kjFUBq1Ert4ee43OBO9+mERqtk7bnV9TJm3SGIz7OZSPC01poadKDkl3SRVnLMA1eppbYah9Gw7eZPvJ21+A66PCfCeP+JtzjBeUuoU4wzT8P1fQljxa1gKNeRhw54hPxyJxwpDPuRC2mcyItp2Dk5SAjK3rGyRknZ5yccXLGyaGcbFwhJ1/nnFxjD+1mbJyxccbGGRtnbBzKxuKR02RjJ2ZhAiPw5/8zRs4YOWPkjJEzRg5lZO0KGfmdICPz42nxTWEvds84OuPojKMzjs44Ooyj9RnEMJr0EGO2ypexccbGGRtnbBzOxvkrZGMnhtGEu0JsUc4ZI2eMnDFyxsgZI4cxcmFiRpawzvwz4R69lzFyxsgZI2eMvCCMLMaKrzITLpyR55oJl3FyxskZJ2ec/Bpy8uSZcOGcPKdMuIyNMzbO2Dhj49eQjSfPhIuPWcwhEy5j5IyRM0bOGPk1ZOTJM+HCGXmhMuEyjs44OuPojKNfQ46ePBMuPoYx40y4jI0zNs7YOGPj15CNJ8+Ei49hzCETLmPkjJEzRs4Y+TVk5Mkz4aqgjXhuD1LuK18ZI4++iOKJ76jZsPMbne8/+WRq3BzPL20Yu2XFgN8unK80FX6J1kORTduC17Psax29ruA/lr37eDTjGBG9Co7lHNxNXphhvC3CGL2YWtMcT4zzVqZZV6RZBYEvpqdZpRloFs7EuqBbq1y3vFaLaFnecC3LNp13VnblW/d/8b1PXxz/4D8yyzKzLCWWpRjden3tSvE+MrtyMe1KMZp6FdkKaRgZ18Pgbmc24791/5f3exkjT8TImoBAxsgZI2eMPC4ji89NXAUj3/Zhs0aSZ1+XdOTxwZY9TymP6mbFy9/d/xvzX+/vTJGXkzLsPCxNnb7HrATcAR4NjALkMB1+VZfXcB8eg1Jz+lciJrTJf0R2G6bmqoIwYuN5JHkOuTGW1q34tG720SXSvB8YM40D5PlcZdMshXNZEX4NOH586aeNMOUlHPj6RpiS6dpt0vIj0lyfrikf4O+MNO7aZz/74hQ1bu23fXd+Q+lGRT08R/4aaFUFrmxTvxjHPYEenNL4R7vzU9g+d3uNevud0fVJy9bwb0q97Shl0B0L/qJV1SNrzCAL1dFbjGmh1trEZUzT8GhkN9T2Lhzv19trSlvQijfgmLxwjBVjR6iBOW8FtK0Ls/kFIbrmGRHOdwKt0/xwAnV1lzfPZsU6f/I/zZ+CFojR+6d01Av4+wTO8lTphPgP4pE9j22pLYSuIEcZUG+Tda4Rx2mAoxGw3EtcV9rEhciCXfiP3kpZ0JVV6N0Jsg35AE/4TCQipQpM7m/zjFu0/lZvwpXzASYKu1ov1JKPutqolexqd0Ku9lRxvtJSfsW7oVcUW8rvsUvz/XmKK972tEl3NREd54odhX1Do/x6IjKja/rbxd1fmnYrElyitOyW9DpxGia/Srh2hV0lWrNu+rgiKF0t9BrJ5LPsO794rJaSl98Dtjp1vU5ujSofihbtTGfspb2//YOfKB/+/i+f/zuU7MqLwLE5YEtkyQ5Zh8x6LIMGaD47EutRpirN2cixZfL1uzQvi9GRu3B0EP8nhAeOwmPXmwjygiXIKLRVKo1Y9nyZ2xqX7FFA8tdCowUy3+6KZvUf/viL08Pn9zdn6Et0SY4GWbIW+Y9tin6VBV8C9aLti5BR9IVWInuCDlwHDF5SNBAReRURIVryxHpQ0l0/S6SS8xLsQZa/JJ2bqUVu/+9n/7Cw47rnjuvcBON6mc1G1P8TpU/j9Gy41QDxbDVal4PD+gZ+zeAjVgxH+/R8nu3FD8Fz4nctT/OcK6MZaqrnvenMTJOfNZVW31W26aofgr+JMcIL0knUGeTKmc5iX5xe/kL58EeftP58gWexrqvt+kSz2JkE7SSz2B2KD6Sf/ZahBdOu+GNX4NgjOq/r1wpYeqLOqbTtbe8TZrPKojH/+cujhdCkLlm/BsVUy9znRA0pSHxOJzoh9TlTzlue+MFs5y2MIEhG8lc3jqC7cYR8FkfI4ghZHOFrG0e4BryJz1T3XB6+w2MEzvPVazy6uw5neomx/lnZWV8eWZ293/NdeRGYFOfEHPxFi6lNTGpBaVDM3sukeVpnisiliJHDMuHJ1l+cTIiZxdWf/nfnsy9//vmvLgTiNuWlqIS7TejatBoyWudTCXH0wCPnLh/ib7lrbgzv0faM7L1v/8Yf/eOC4KtBnU18brhrDI7HnMI2iMR3ydmGPu4SSrPKH7725X/tKc97C4q3fkV431G2oN0FeV59Wh1ccyUwS+v6+l/+Z+9niL3Ewv4mzVXePjoz1inNpG1ay71w8yjeAQw+ICYI/y0shIz99rbq2tu5qcp4la7t+OXzke+1L/+l+VOUr7AO/03y30cxg5Fcw9fn1YWQXR6wL9FcXYBeF2i+sbn/a9BItSk+rNEqfp5W8zG7Eu24Eh3RVsRY8N1QNILr9uVAzDco9yYfGxjfmI/c3+596+O3Tv9eIvl33JGLvfPfqxjTeQOw9kv93dDWn0DZVo580fQ3cPQshNZ0idVzlIvDWF2n+yiR1uBqUp60Bse1TXrTJYvGIA6wacxbsSN+RXms4HuQXsxrtH/+u71vSWQ+L9TL/CkwHJ0FN8Kp01yKT4h1aKziaC7Q6k6HxqlN6z06xUTRLh8KHu53OMZpdfeutGWE3vpkfZ3nUp1S3uqx+0yff++MrNPv3zHfWwgJWzQ/or2P2Z7M+md56kHrv5h4JpVjveLfOy9LdWGw1ygDzaYoBosEl2m0FQNWjJNhOT72twGPY8rxZzVrbk7tTK3Vv/gr870//dHptsRafZdG/6iHTyjGckbPc0/DVo06v4x98gL7vBfR/jzhMxSL4RMZU/KJroF0TxT2rKozwteJ+9dGNbOdP3t/d/jXTysvfy7Mn++S/uAa8LHbryfkGWEp5m2GPU8xL+n1SA6YiY0zrkUxMZVsnfeppsOzJ3KgsxpZ1yxLH+feHs3gaBOJs7AMkdBx4JP728oG4XUB7c/cNT3vvhnZyL5rLoKkbPJIDc7WFreSyp58UpZ7rIJkkuYeLxHHvJLoKeYOlUm2GLErC321XGzCW5bJRs4lkO9dynJnd39KszdyydocpJ6kJ4ugC12yk4tkS5VJFwrkj5R9utAh77bs0wX8b9Oxop87e114h+LjrzjC7ImFV/DZ4D3GvPRNriPeZ3vQf2JPbM6S/6N6sBg6UaK4Ro/GO7O2SxQH8VrbBVrdyFGsA/+ybYP0iOvE2DJaIrvvlGX1zTazR3Llr4JMurRvEpncFuKMLUIU73OW8onrxVdDVnk2v/pk9S6tgfa5T2oCtn3+CZ+Qb9Mq7UhaN0brhTOVT/C6r49EiiCHIkXuihTBw78FmhnzZCEFfVj2dgb/k3HO+5e2yTo/mVnm2HSf+P26vYlhkieWxfc1LdqbGMZ762Ih0Cb+XQxi3krcuxgwApr2KWrxPQnZ2xgW820M4tPu03gbg/hcvJyBnbff7hF7Yvwr+IxLxsJfNRZe9PfhjMvC6d+Ic/UsHHyOPuPhrxMPs2d3dk0g4mFjvXU5qGzU+wPbVulnWGNbZfoZ1houX9+g6P6T0bsjXMa2A4x9EFrTrO53BnCVVqWPxWaNCnO3P9Bhq9UfaMNas0qHNJusbpsVh1gMW4eVywG78JugrHvKOtzKvcvBwwbUF9ThNi9b5mM4F9xPawfuoLVT7Q+KdrvTpfzZ1mFt8pMMNw8bl4Pabgv7tVGnzjbqdAeNdQK3vsf2NdlJGq09vMtGHRDQhuuNOitMvNn19Q3aWq9SYcJpenBkFU+wVadLfNS43x/ksTTZ5j4rGth+q7aDxUcmHtOGcpNttvB0H5kVArTeICT3sHNbZh331c0DLKqsqJuE/Ia5i802N0y8mb1HJm7VTdrabu3iSbZbLVL0KtEYTqOfUklJx8PDGnXxcJf632rS6aAlFofVdTp57RBOoAz3do3LAfwBvIdU2KzQWKEKBZQ1PB7UJj+kAmSxubeBZWu9TpdrPKSLY0ehcncPGuzuVelqw/ojuPn6+iPQ+ntbeK8HTYYDU4aPK+Ciajg4cOfuBomoukMAbNRxKGxi+417WL1Z3wUt2t1ydxzu1+jJOVb4n6Mj1SqVmGppPaZaJZ9m9XTbgAqmZeVOG0h6v7KHPPPH/2SfKGud//verw+rrXWQHv482IEbe8D6Bjcm3pPm3NPn93948XGF3ZPG7kmNvqfAyYdbzerlYGv/EO9ka/8RFSZs5QpQPmIl440C/UCLKthsW1W62Fb1HiMY/A9b26h/1Qd4oX2TeGDfXCfp/j8Y80+kXXPsOQAAALhta0JTeJxdTssKgzAQFPoj/QRjidqjxlcwaYumVEsvWgjkXMhl2X9votZD5zLD7Mwyss0tVB0zQHAQTEOI40oPXmiIaIwNVxpIEmFX9ho893fjAnntWnoDilFYENloIW/r2Z3vnfAkLvIDweGVB8eAoOwXkwkXZqVvsNYbpZAWuKx3Y7hWy5aV/pbdBjc3DLHxYnqj6p8G0hAVdx8VLwwk+hylBDdNk3n66Sk6xbumKUUsVGYBN3wBmatd9vElSLoAABgobWtCVPrOyv4Afi9OAAAAAAAAAAAAAAAAAAAAAAAAAAAAAAAAAAAAAAAAAAAAAAAAAAAAAAAAAAAAAAAAAAAAAAAAAAAAAAAAAAAAAAAAAAB4nO2ad1hVZ57HXyyowc3upDw7s5vJZufZmcmYjCkmWZNNmSSTNpNJNM3EBBB7pXekS+9FqvTekd6bIAhiAQSVjvTeBAGB/f6O9+IFgYDus3/MvPd5Pl685Zzz/r6/+p7LomPjmJ2DE7Oxc2AW1rZM56QBU9XQYhrauitGSVWDaeroscTkZFZaVs5MTpkzSxyLXqP31bV02I6vd7FjiiqsoLCI5eYXsOnpGRafkMiuXLnKQsMimMK+Q+zIcUVmZmElfJ8wNDnFDIxN59DVNxKusaOzk83MzLDZ2VmWnJLGjiupMiU1daaJc1nb2jNnVzfmctqdmVtYM72ThkxHz4Dp4nkx9HBMdU0dpmdgzNIzMlll1TXBFj/KKbD9h44wDVw7YWxqxuwdnQVOmVsyLaxNTVN7VXYS20Jb7yT+1sP6zIRrtbKxZ8Eh4Sw0PFKwYUxcPAsJDWdh+P9ShEdEsbCISOYXEMgcnV2Zk8tp4Xp09Q1w/fawv80cVja2gm3MLa2lPDy9/yM+PuHTkgulOxOTUhjX/x9Df1yvtJGJ2f/4+Pl/5R8Y/HJETNxz127Wcf3/MfTfdEJZZXt0dNS7iYlJv45LSNxUXJgr5W1lwvX/O9Nfz8CQ2do7CDEvwZvmVnbvRMcnP5aamcOqa2+whppypvHDF1z/vzP9dU/qM0srsuEpZnrKTAr8i4mp6Q5rpzOvn7T1/X1MSvb2zt7OLSUFGU+pyX3H9f870p+Of1xRmWlr6zAjY2NmaGS0BrxiZGT4pqqu+UuHtB2VPSMz/IvKCuWDnU1+e3zXV+ujYmI32to7boLdNphb2Uhr6emvV1bTWI+1rZgTymrS6tq663DtUmUXL5F2a6D/elyP8D78ac2XX31H+ktB/7XQfz30l4o7m7Ba/aWg/zrovx76r4f+a0l/8qsTKqproNNGKxu7TbDFJth1g5m5lTS0l9bS0ZfWxvNi6Jw0lFZV15LW0Tdan5aeMU//fQcPMzUNLSl1Te0NRianNiJOiA2mZhbSONd6FXXNVdlJZAtpLV29tepauqS/FK5zo6W1nUxQcJhMSFjEPyUkJW1GTMoEh4TJwC5LAh/YHBoescnXP0DKwclF0F9HT5999e0P7MgxRebu6QW/cFkLPndycdlqDPtpmbnv0Ak/5+Dk5/aC1+E/Paa4/+D7ONf3WJMs1vwNbPsx4v89XOMH0G7FIP4/Q6y/Av3XI/6loN2/Qf938dqf6X34/DOi+N8A/bdA/3eg/7OI/3Wr1F8G1/gG9H8H+n8A/X8H/deL4v/fEf+74cfysOkexP/XiP9PEP8fwQc+RqwvCuL/E8T/J4j/9xD/j0N/qQXx/wvwOeJ/N2L/R7AT8f8R4v9P0HNVdhLZ4lPE/+9E8f84rnUX4l8F8a+G+DeCDXUR/6qIf3VovBQaiH9NxP9+xP9vEP9rxfp/Df3V1LVZVHQMCwwKWQd+gi89r6+hwQxjc78wrp81j0gOeyHXZMfmfWYBl5tbWvoHBgb6h4eH+0DP4OBQ98DgIJ5XzsDA4DCO4ZqekSUFX94UHBq2PyQsvLGrq+ve+4ODxyjHye3d/+v8c4Xh2bl5nXenZ6ra2zsCm5tb3vXy9mU/yu5lR08ozdMfMTePk4bGLyG+6zs7O7uhfw/0dwkLj3jSx9eP4Ry7O7u6+odHRvpH7tE3dG89P4uw3qGhzrGxsZzu7u7tVDf+8redDOtgQ0NDr3d0dLR39/QIxwa9Q0N03MFV20lki9uwlyr5vLKa5u8CAoOvXKuuHhwdHR26fXtseHx8fBjXgb9v0/9/jv6R0dGqxubmXa5uHhvUNLUEv91Bufa4MuL/9Fpbe6fPbeydtrpYmjG7nMs7jRpm7UISwrZmGn0pc9T8dH17R8fs7MzM7CM+LiMm3zvj6486aS4TERV1IiIqeuLu3bvi99UcnFyZrPy+Z/MLClOyc/Jmp6enibHJyckbnZ1dB8l/v/3+R9qjmNOfoLorRt/IZBviewD645KFaw5CnDwdFBJCvYDC2PjtR13HNK65or6u4W35vQeYn38gHXd7f//AKGz9qMcWP5JLSi5s0dc3Rm3ReQHxW9vQ0PhIB4QtmmCTv1FfsvObXezzL74iWwt12MDI5DUDI9M3jXS1pVR0DD9Vz6g2jSzIeCFD76+bDhjbV95qbb0LDR763OPjd9K6uns+vlBatoZ6LpNTFjJhEeFHUJvIl8UfU4QfMrk9iP+Cwljof5f0l3jcrG9o2El9DPVVFOv6hsZCn4VaK6n/K9C/VUJ/X8TRU/6BQWxickJuYHBgVnItM6v0a4nPB0bHxv+G/Lms7OLrTY1N3cNDww9rIvFjenT0dgjq46v26LdPQn+sBfoHVd28WTu92mtd5JF6vrjkxaPHldj7H37K9sB/UdelEE9PgJ0ebm6/Onj4+BPHLT3+kBhs//gV22/XBJzNqJLQvxf5KbGsrNwuLSPTPb/gnHte/rJ45eTmGV2+fOXVysoqVnCukAUEhaCfdUcfE7ac/nGL6E+PksbGptfcPLzQD9sJ/QvVM+rPxT4g0r9tof4BQcFs6u6UPHK1pP6FTc3Ndlk5OWapaenW2Tm51lmLgNfNsV77rOzcnJaWW1Oi43aiNu2MRh+OPPZa7c3antGRUfFxW3u6eyJga/uMzCz3vJ+xE+zohc+44Vwa6Hv+0xO1zhh9P/UYp909oH/wtZu1dWL9W9ta2z3Rk6s7n3bT9fb10/P28V0EP3V3T28L5I6rsP+M6Lu3Ub+/dzntwXb9IMuUVNSFc1BviJ7lLUcnl/e8/YM3e3r5Mj8rPZYXYMkuXa6S1P9SX1/fZ0HBoejTlKURe9Im6HOXYRNyC4uLP8uuXq1g584XY26JY6j7MkjKD6M/2eBsdc31X9rYObHk5BSmqKIm9PakPdWC5fSfnJqUHxwalNRfv7aubi3thR06coy+y04aGD2AvqEJU1bV2IAeUbG+oXFcdF13kPP3pGIeSEpO2dbW1tZDviV6ZDY0NL7qgDmQ5gbT5W1EdtxIzzRrenh5M68zvszG1kGYU6HLFh+/AEn904vOF//2m+92s//6w4vsjbfeZa9vf/sB3njzHfbHV15b/86fPrT28DojtuUEcpQ87M+0dU8y5HxhbSL9N2FW2Z6YlPx2VmbGM/bO7ht9Q+OkykovSupfCj68Ai1pxhXPlMtB+wYpqWmYmaqEuT48MooFBoc8rP7CGlBnrQKDQp+Ij09Af6TB9hw4zLSwHqoFS+l/L//fWZj/9YF0YVGxkD8ICyubBxDVGJnQ0AhF0l303RH0e7I0W+blF2wbHx+j3k183BT4xpaEhERmhzWJZ6+lcHa990yxSLM6Yhdx7ym8hrl7C2pM1Y37+T++8HzxC/sPHWV//uxz9v1Pcuy7H358gF27ZdmXX33zxLe7dhvCn8S2HMP6f6JYUNPQFnzbyMRUOC/pqWdgtAGz09t4fwd6pq1R0bHPFhUVS+pfPjEx8cnk5BRrampG/vVmmC2XIZBRfURuZZcxw1Gs0PrQM69Gf7RbdyeBZP2bxN97s7KzZSj+9x48Iui/XPwvob8xeAywGzduMkPjU0JvKak9/Z96jcSklMfxOdUF+v+UlJzKUOO2oReX1D8d/epLqA8Ma2FuqFPL2+k+Pn7+zAc28/ULYG4enqQN4n+e/kmoFVtpH0cT8yHVQvIvSeyBM/oszNdPYm41RZ1cVH/qn8RQnOrq076wI64h4Nnk1LTPyssvfRF/NkGy/yvBmt7Da4J/kr7C9S5JgKC/2Beo9lPuWaX+l+vrG2OqqqqvD97Pr1TPOvr6+t+i/UPqw08oqwl7W9BqVfrjM4/RPiHOxVALhL1Nsfa0P6mlcxL+m4HaMbUa/ROqq2uex0wtipGfs9MCYDOKEytbO9JkC/V/Evqn5OTlb6W8p6KmKeQIqhOSWAE7xDP67CeVVTVPuXt5T4tsOY71y5ItUJck6puxEP8S+q9JSkldV3axXDrubEIN5r/pqakp+n5DW1u7SUhI+F9MzC13wQe+c3VzX4xd9/D4Av65mXyUeg7yB2i+Wv1LsPb3rW0dlIKCQ2aRf+YKAeyRe6GsdIsuNJNVOCDs0aIPeAUxs2r9KQfghKyurp72EJgZ4l5NQ4tlZeUwaEvvL6k/erjX7ty5Q/sJ4uNW1NbWq6AP+yvy6XJ2Wtx2p90V0Ae8am5lDX80/D3sJql/363WtjLk0qzI6Jhc9B65CUnJi5CSHRufUJiQmNR8tbJSbIsxxNAPlFuOK6kIe+9iyO/pmfIA6QT9GfRn0L+hu7tnRjSnT2CdbcgB1bV19XXonWuXoL65paW5vbPTqaKy6qkrFRWsuqZGyP+kwyr1v4Ke/2X0Xk8qKquFVVRUzko8KC95Ya58hmqYtq4+ehqTV7CGVesv9gECthb6orSMDLH2y+iftpj+42NjY03ImzV19Q3L2Wkp27U2NDYe8PLxYVjzQv2pIM6Ojo7ODgwMzPaDgUXoF4F+f3bi/npzbtbWvuzg7IJ8qfrAPQd6XkT/pp6e3lmJfZqVPm42Nbd8il5vE+U0qgGBwcHI/2Gr1b8Ktfk9up+BfvO/wyMiz2PWljzPIK5NBzOGtCZ6AOTDbQ+rv6QPXLl6lSHXzP1/Of1zcvO3Qe9eif7/UR8ppRfLX9ZDPj6hpPIH//+b+b/uzp2JnaVlZRupRiiqqi9672kR/RsX6E+5YBK6TY3N5y5em8ZzP2Ims7m5+UsHRxe2W3YP+lHqRb8T+uvo2NjV6l+JHPJBcckFlpaeseaMj99f0jMybyEHSe7F1F+/fuN76i/cPby2YJ5rf1T9oaek9svm/0XqP9loCmubuD02ds8+Yw/Y6z5jgu0mcc6u3r6+iLLySy9SL3r4qCL1tFsW6E92GcLf3fi7V4KRiYkH9ujoC/3ITfmNTc2y6JfWo6cTeoQjJ5QY5r0HENX/pfQfx7EKr1VXu6WlZ3qhD/GG74vxQR70Q69kWHCu8OWi4mL4rio7cPgYo1mF9pypp4qKiVm1/pVV197PLzjHqO/0PuO7Ljo2TjkqOqZvcnJCcq2Xurq6XsKs+wxs1yLhH6vO/9CR5eblM+Rihr7nYfRv6+npiYYNXNMyMr0FOy1LgU9ufr5nZnaOBr7zC+r7jp1Qpv6NoYfa4jN//qtFn+oKTbTwt54EFpiLr/X29s1gPhNfBww4U9bT2/saXeetW60M8U/HZAaYaWiunYeFldBP0vy5hP6t6AVl3TzPsH3QVFvUM2iiRyb00DftPXgY/mUnzPs0Y5D++zCfEeRbkdHRD6U/7R2eTUgS7tnTvSz0VN4wxMiCfelU+PdHJqbmTdB/5mHiHzmc5nl2rrCIZWZls5aWFoa1r1b/NPSRz9vYO7Cj0FFbT1/or7T1Fgc9HtPEZyj+zhUWMld3D6E/NzY1F/Z/Fsz/URGR0c9RPExOTM7LUT3dPd8iNiqv37gp7vcpBqqxpg+QQzfV3LjOMrKy2NnERJaCmRwz3jyoP6O9Pc8zPkvp39LW1ibn5e0jzFt075X2zPRpHwmYIL8fVVTGDOrMKior5/SXU9jPnFxP0z6pcL/sYfTPzsll55FT6DqdXN2k4MP/jJ4wvbz88uz03bl9Iuq7GrH+seHhkRXpPyua/4mhoWFB+8Ki83NAW4b+c9X6Dw0ObT3j60f37wQ7GZmaCb/lWAwj6EzxSD5SWFSE2d2NmSNXLrH/cxZ++SLNaxculM1pT3nK1s4RPbDB7sDg0FrMaXNBge/1j94e3dnQ1CBN+sfGn4UPJC1KYlIyC42IFP5eRP9bsIV8VnaO8NsS6hdWoj/1AI4uroj9mEfSv7ikWPBL2t+gHKanb/SWk4vbNcxDkjmA7s/NSPQGy+lvItYftVGIeUJSf/o/5R708Uvrn5dH/d88/ft6erc2NjSy0tKLLC0zi5HNMpdg7j3kGzofagJeyxV+82AD/X3n9/9n8d6LqHPCvsL54pI5/WnPGHPLRlNzS1nEWotw3/a+D3TjGndkw59Jf5ptUtPTH4B+3xQVGyfkgqsVlfTZefo3NDTKU0zQdVI8U/6n30UtpT/lfZrNMAeI934eWn86Zx7yHmZaoQ5grevwnX3oPZpH7t97WfhYTn/V4gsXkBOzWfnlK4xyqqT2Ykj/ovPFrPzSZYWrVyvE+/9jPX298qRZVlbOts7Ornn7P6hDz57D90pLywSNKHctT4kArZGeSy6UMvS69PuzLX7+8/o/QX+6RyDeUztffEHwATsHZ2FPH/pvtrS2VYiKiWtr7+yQtEVKZ1fnVvou3fuheXkhOoB+I0faOSFmc3JzH9CffJXsQbYJQx6g39xRDcN5H9Cf+j7aA5TI/Q+tv1gH6s1If7rv5+h8+nF81qim5sZYV2f3avWPvXjp8v6YuLNy6NMU4NdLIYe4OJiSmhZytaJiUnRdo/39/T/RukJCI17v6OikuUd83GvoTU7iO7Kos/DPvH24/hWDzyvBtm95IsbVNXV+7+sXuKj+VKtpLycoOEywi4WVrWgPW9i3lrGysTsQHRuPWbhLfF0dI6Mjf3VGXaH7Rwr7Di7K3v2HmPye/Zg/TjBLKxva/5HUX470p1ghX70APw0ODRfVABN2TElF0J9yh4bw+7VTgp9S7AeFhImRQY06HBI2T/8TK9GffI5ijuqfhVAj3VhUdOyvg0PCAhAHy+p/Z3Jcrn+gX1L/kdHR263oi5uR31sbm5qWogXrvoXnIYk9nnzkg220V4hW9A303X04lvi9CTw6W1vbmmrr6tvxvXbUzZXS3XLrVhvm2b2upz1ohoL+AZU30NMt1D8QsU8EBAZj7vVmRtRPiPSnGQ8+IG1pbXcYPtAi8oGRwaGhnY7OLsL9Ifrt4lLsR96m3wfI7dnXPjhI+xr37nk3NTWTf87Lj3RvB1oKe6YHjx4X9Kd7hJRPYuPihZmP7vtFRM2xOTwyUhGvj09NzWkh/P4H+j9bWHg+ITevQFzDq69V13xIMU/notxIPRr5Pu2tUx4Q+cJW+EAebL1wr8o/LDzyaeQb5MgZhdtjo6v+zccijzbEhLyH5xlpukdQXFyyHf3mKOb4Rz2u8MD1R58rPP8yzVSYH14ICQ2vo3WJHimwzVaa0en3vwT1CSHIq86IBVMzS2ZmYT13L0B0D+sIYqR9YGBgrK+//xtr1OMdX3/LfpJXWJYf5fYw+X37m+A7E+gdphE3LTdq6xQo/qgOzwE9LpZfEnL74WMnoIeToD/dO/EPCmL02yva+5NAJiAo6HBwaGh7b2/vKB4Iq1Flmg9J//y8AvLxKdrrhy2uIZd8mCXKOeK8Q/dsSX/x77jpfhTm15esbR3TESutON4A9JienJryhV887RcQwHAe2d6+3gnaa7lz584kjk/zAp17eGRFj9EB/NOEXK+akJC02cTUgiFPsZHhkTeQQ7rgE/QZQlgTWOFxhWPDhUa6MKtFXr9+83mK5V275Ziaphbd/6morrlOx6TrjU1Lz/gjzWD+AUESBAu+gHjHLG81/36QjR3VZkPUuIyyixc/oj2+vQcOsWMnlJbl6HFF2if2gRZF1dU115qbW6Jy8wvep1xOvfxCaGagOYfOSfWffr9K95QWQRqzzjt6BkbeqWnpkdA0BPn9YxU1LZoVf4l85RgZHXuzs6urbXBoMB6x/zpmXuSSs3PExMYLmov1p3mA1oUa+FRAQNBeFA1n9HQ1be0d5p7ePr+g34xm5eS+j16vCPmqGPm1FDU6FX4bjHP7Z2RmBcHHliKYwOdc8fwJ+plNiCfm5HxaOC/i7zngFJ+QQJ8hIlCrQnDdgYiV5Y47d3y6BvQLGvGJiU+jrjCqhQrQ6Kii0q/QY1tA2xjkv9SLF8s13Ny9nhH6PDPLBzCGT4rz/wI2I75e8vD0/lfqK71RP1bK7Px9UA6Hw+FwOBwOh8PhcDgcDofD4XA4HA6Hw+FwOBwOh8PhcDgcDofD4XA4HA6Hw+FwOBwOh8PhcDgcDofD4XA4HA6Hw+FwOBwOh8PhcDgcDofD4XA4HA6Hw+FwOBwOh8PhcDgcDofD4XA4HA6Hw+FwOBwOh8PhcDgcDofD4XA4HA6Hw+FwOBwOh8PhcDgcDofD4XA4HA6Hw+FwOBwOh8PhcDgcDofD4XA4HA7n/5P/BZi9XxfWT623AAAKtW1rQlT6zsr+AH9XugAAAAAAAAAAAAAAAAAAAAAAAAAAAAAAAAAAAAAAAAAAAAAAAAAAAAAAAAAAAAAAAAAAAAAAAAAAAAAAAAAAAAAAAAAAeJztnY2R2zgMRlNIGkkhKSSNpJAUkkZSSG6Qm3fz7gtIyVmvHdt4M57V6oekCBKiAJD6+XMYhmEYhmEYhmEYhmF4Sb5///7b78ePH/8duydVjnuX4dn58OHDb7+vX7/+qvfavmf9VzmqDMP7gbzP4vbwlv65u7aO1W8nf65HVw17Pn782NbVSv7u/2x/+vTp199v3779/PLly3/6ovYXta/yKSovzuUY55FO/Vyu2s+x2m/5k3adW2laX9WxYc9Kzp3+Lzr5f/78+dc29U//LbmUDJA5MmI/51T+yBSZ1/5sF/RrziU/txPaAuUb9uzkXzLy+K/o5M8x5EJ/tQyRc7UV91nkxzXgPr46hj4AymM9MezZyf+s/k/5d+8M6HnkXn+rLSDX2rYs/cxYyd96AOj7lZ51w9BzTfkj15JVXes+SF/3mMB5+FmSx3a6IduJ9YzlX23EaQz/UnXi/nO0H13NWJxtH6dfZ/spWVneKQ/6beZd13ksl7KsbdogeoYxyeqaYRiGYRiGYXhFGMffk0ew16f/828v71ny3foeXOprujb1rniEy+jtagfP5mdInfCW9r67lvfznfzP2PGPfIZ5nvd1vsQuvZX8/4b+8xZc/vSzYc/Dpo5NJv136dvDF+Rr6SOdz5D6JD/OXfkDTedvpIxcj/3IvizbL+3f2qWX8rcf4lHbQMrffjYfcz8pfYnOLLkgG2y+7Oec9AvYZ1ggI+x2BedR57QPk/Zntx3aDPdCnpkW8u7s2Zleyt919Kjjga7/A3VoveC+bT+OfXtdjNAufsh90HZf9/9KO+t452/MZ0r26/RZXZLes+t/QLbpAy7sqymZ4W9xf0OW/L+TP33fPkDH+1ifwM7fmPInLfwA5NPJ/yi9V5E/z/b6m7KxvIv0xdsX5/re6Qb0idsJusW6GHb+xpS/z+vkT5zKmfRS/pzX+cP+duxbSz9bQX2lPy39d/bt5bXUbdHVkf19PEfIY+VLhJW/MX2IvKd15fF45kx63qYeHlX+wzAMwzAMw1BjW+yb/Dw+v2dcPfaAGWO/H7Z98bNNvosLvRV/w/zDZ2dn0+r84NYJ6A7HhOfcwPQtQl7r82tfZz/M8qCvRj+co7OrIP+V3dd2MHx82I7QG9h/PcenSL9Qxu7bZ+dz7LfjL8doH9iR8UkNx3T93H4X13uR8uf6bl6nfYG271rm+A+6eUSe65fzz+y38zXoiOn/51jJf6X/V3bw9KWnTx0bKe0i+7FjMM4cy3ZZ4JPYxQsM/+da8u98fuC5XyUvzwUszvR/cFyAy8m5ec6w51ryL9DJ6TsveIYX1uHOc/X8X+kGtzk//x2rUMzcrzXdu1ztW73jeXze2QIYw+f1xI04ndTP3fifZwDk+7/LyrFMe+Q/DMMwDMMwDOcYX+BrM77A54Y+tJLj+AKfG9vcxhf4euQaq8n4Al+DnfzHF/j8XFP+4wt8PK4p/2J8gY/Fyuc3vsBhGIZhGIZheG4utZV064YcYX8SP2zE915D45XfEXZrrazYvSOu4P3cfmX7kO4p/7QzPDNe1wfbG7a5wmvwrGRs+WN/wSa3aksrm5zlb38iZfL6PC7jyp5gm8HqXigzeszyz/bodQqfwaZs2ys2u/rfdrTumzyZhtcQw6+HDb5rN13/L2zTYxtbYP1P2vb50G59vdfn8pqEq+8LkUfK3+uOsQaa18R6dJARuF523+QyKX8/O1dtxnL1NZ38HW/kY/Yfs5/+SXrsP/q+mI+RT+73enj3jHu5JtjHIfuFZbl6Lv6p/Lv9nfzTF9TFItGv0e2kf/QNud0x/BTW8+TB8Udn1//teyvSjwO3kn/XHmz7dzwB/T19R9297NpGxqiQXvopH/WdgbbsekkdcORHv5X8C6/jS+wArNacznvNe9nJ32XI7wv7mkeVf5ExMunH262vz3Gvp5lpdW1mF5eTPr8uv9X+3X2srs3r8pyufp5h7D8MwzAMwzAMsJpbdbS/myvwN/hTdnGsw+/s5tat9nnOhecKHb0/3oKRf499GLah5ZwaWPnnd+3FtpHadsw/3+Ww36nw90Tw/4GP+Vrbk/AtcS+WP9+z8T2/6jwRy8x+toybhyP939nmrf/Z5rs+ttPZRmv/jNsicf74erABcq2/UehvCTnGxHKmLPiI7q2nbs1ZWzsc7adv5joBKX9AD7gtYNenLdg3i/woe84bsd+vm1PS7afd+rtAr8K15d/1n0vk7zkf6O781qC/ybiTfz4POp9uwTPpFecKX1v/Xyp/6210sGNt7MNDPuRxpP9T/rSNTJP4EMcIPLI/5xI8bqKP0a9uIf/CPj3359088rw2x387+ePHq/Rz/Pfo/txhGIZhGIZhGIZ74HjLjJlcxX/eit376nAdeOe2PzDXi7wXI/81nt/g+Hrmx9GPmYNjv12ms7KheA5e+upsh/K8oJUP0McoE9dm+bH/On4fn6bL09mjXgFsoGkPxW7nNRo5r7OpF55Xx89+t1w7FNs/dv5ujpftu/bnkjZlzHKl39H9v/NVYlN+dvmn/qNeufdVDE83TyjpfDsr+VPP6Uf0/DR8P9hm7R+0/9D3tio/x3KOl/dXfs8yz2/FTv6W2Z/Kf6X/U/45/9d+ZI5hq+eY5/Lu1ofcyd9tFEiLNvbsbcBY/1v/3Ur+hf2Qfs5zLuMS2gN5nNH/kG2DNNm2T9zt7xV8Qh7/rWT8nvL3+C/n+NkHmP7BYjX+28m/yHn+3fjvVeQ/DMMwDMMwDMMwDMMwDMMwDMMwDMMwvC7EUBaXfg8EH/4q1s4xQEdc4p+/5NxLyvDeEN9yS1j/mLVzMn/isSjfpfLnuo5K6+y3Fro4lI6MJz7iklhA4pa8Ds5RrPtR/Rpio+DacfSOnfJ3eIkL7GL3KZO/6+64X8pLfJWPkXbOFyDe3DHnjtVNvDYQawhln2UtMseb7/o1+Z85l/MdP0tejkW6pH6JOfLPsVHvsa5ZrtdGuTiW638RD04/5X47Oj1KPJfv29/+oS3sdADxusSSeU5B3hvH6We7/kP+jglc4ftO/eJYykvql3MpJ+leS/9nXH7i5zJ9mzbtfdSzv7fh7ym5HtxuXU+7+3LeHV4bzPezaod+hiK37nsfcOa54vkyOXeANpQc1S/QLhyfei127Tr7K/3H/6Pzsk173leXHv2P+0pZua9a963K6rWiYCW3jA3t0qRsOY+FvBLnle2etpkc1a/PI0/PVXor6MFV/z877v0T+XOO59xkmn4edvHgTrebh0Sd5zcqLlnnqxsrdjrTeWU79Pg4y32mfun/3XyFt7Irw5HehU7+OX+j4N3AfZV7QsaeI3QGr+mY13jukOPVrXOPWMm/a6+MU6wfVu2b/C/V57t1Sj1v6gxH/b/wPIvVu0wn/6Oy80ys8joP5ERdsjbcaqxmnZnyZ0yY6wR6nS+vK9i9W3uOmd8dunLw3UP0Ta5Z13GmfuHoW7sce495i7yjrvLNeRoJYwXIekG/p970u/SR3jvT7nfvhKuxgMc5l6wTeslzele/lPtIrpzz7PNWh2F4M/8AoIL6IOC/JaMAAA7XbWtCVPrOyv4Af5KBAAAAAAAAAAAAAAAAAAAAAAAAAAAAAAAAAAAAAAAAAAAAAAAAAAAAAAAAAAAAAAAAAAAAAAAAAAAAAAAAAAAAAAAAAAB4nO2djZEcKQyFHYgTcSAOxIk4EAfiRBzIXunqPte7Z0lAz8/+WK9qame7aRASCNCDnpeXwWAwGAwGg8FgMBgMBoPB4D/8+vXr5efPn3984jr3qufic6WsAGX498H/Uen5iv4zfP/+/eXTp09/fOI69zJ8+fLl388uvn379jvvsDdlBPT7R0bU+7SelZ5P9b8CNtH+rvZf9VH6dpWmk9ft3/mdXVTyrOQEXRq9XqXLrmftvHs+cGrnq3rr7B/la991ubRvex6aD3kFqv6veWX1jvufP3/+93voLdL9+PHj9714hrqoLwtEOr0e6TNE/p4m8oi8uRdlq15IF9f1eeqgaSMvT0cd9Hr8jc+q/8ffr1+//n7uCjr7c01l0fIjTZTPM1mfIz33Mvu7DFGe2wibx9/QmaaJ74xbXHM9RRqd8zi0fUU+pEcXyKnpVO74oAvassod11Qfqmctn/F91/76zBWs/H9WZtb/6X+dvIHM/upvqFNWd+wcelZ90S7igy/QPqh+gTxWcna6QD7KIT/3FVWd/fmQz8vfGf/vMRe4xf7oPPoj9e7kpf6V/X0d4sC22D3+Rlsgf/73foas9FHai0LzoU6ZLvC3LivtkbleZX9k1Oe9/ExvK1tcxS32px1ru+/kDWT2V3+H7836KH3d/Y/qNu5x3f0kviOzP3rQNpbpQtOpzWkXyO/2xz/yTPzlGc03riHjM+xPX1F90J8BdfXv6m8Z3xyaHpnpW/o9nqUPdGulyIv7+E3A/5HG7yEnfS8D9caHZLrQcjL5yV/HQ/qH/++yqPw6l6n06bodDAaDwWAwGAw6OPeX3X/N8m/BPbiEKzgt8zR9xduewmPlxKVYz2RxgXtiVf7q2RWf1nGYj8Kpzq7ouOJt7yGrxrarZyrOqvIfVVx6t/xb+bRHQeXWPRNepytydfH8e7XrTFbl1fz+CedVpT8p/1Y+rdKT84bOKfoeBed4kIV8nANZ6azSgcYVu2ceaX/045xcxXlp3F5j5lX60/Jv4dMqPRGjC8CzwvMh88r+xO1UFpWz01mlA7U/cmbyZ/7/yh6aE/tXnJdz1sq9VhzZbvnU9SqfVtkf7lj5I+UUPf/MRsjc/X+qA8+rkn+XK1uhGqvgRvR+xXkFSKtcTJd+t/xb+bTOT9KHo4xoD/Q1nt21v44ZnvZUB6f2vxXqb+AalHevfFNmF6773MHTn5R/K5/W6Smzt847GRe07MxGAeUWs7Q7OngN++vYycf34ikviE9Tzgt5sutV+pPyb+HTMt7OZQPKKVZlMyd3rpTnkWdHZ5mOPe9K/q5eg8FgMBgMBoPBCsS+iPmcgnUga5hVLKpLE3PbHf7nHtiRNYBuHlnmriz3BudiWHd7DH8F4h+sv3fWJt369Zn7GTOuUdeUgfhOrPBRZXbXHwmPXQeor8a3uvavZ2NIr/rLnucZ7mm9nfeKe+6X9MxBpjOe6fRJf/M4hsdos/J38spkzNJ113fLyPS4g1UcSffkV+dxlIPwOK3u1dfnSaM+B50rl6PxQOXslA9wmfQcUcWf4fPIR2P+Wpeq/J3yXMaqzOr6jrzEG1XGE6zs3523BF3M0vkv+Drt/+jKzzNk5zvJqzpnQjnIUp2NyPTvfEdXfpWX7td3Gasyq+s78mZ6PEHHj5Hfimfs7F/pf+dsEfn6p8sXedD9js/S/p7F4rPyPa+ds4RVmdX1HXkzPZ4gG/+VW/Q2X+37udr/M11V/V/L7uzvHPSq/2veXf+v5n9d/9eyqzKr6zvy3mr/gI4tPobhn3R86fgrl2k1/qvcbv+AnuGrzp9nulrNWXw89TFOecWsfEU3/mv6qszq+o6897A/9a7W/3ova5vc1z7kPJrP/z2NzpF9Tp/N5bsYgc6F+Z4BGfw+5XXlV3mtZKzKrK6v0mR6HAwGg8FgMBgMKujcXD9XOMBHo5LL1x8fAc/iAlm7+x7M1TqC/dLPRBVnq/Zjvmc8iwvM9jIrsriA7tnV/f8n61e1FbE2vZ5xbtife54Hcuh15yJ3uDzSVGv0zi6ZHvRcoHKklb5u5RtP4Pvv1T5V7I+YE35jhyNUP6PxK67rnnn273u8UfnCLI8sXp1xRh0vWMX7dji6LtapZxPh1zN97ci44gJPUPl/7I8Mfm4l42hVB95HNA6n5/goX/uFc258V31UZyZ4XmPr9JMsRu39hbbH+RWww9GtuA7yq/S1K+OKCzzByv8jK30v41V3OELOUmhfz8rv5NF8uzMzIQ9tlnJcN1U5jG3q3yh7xdGdcJ2ZvnZl3OUCd9DpW/us+niv6w5HqO+1zPq/jt9d/9+xP2c79Sznbt/SvQPab3c4ul2us9LXlf6vz99if/f/yO7jP/rHT1bpvD35uFrZX/POxv8d+6Mjv3Zl/D/h6Ha5zk5fV8b/nbOOFar1v3LeWUyA69pvO44Q+bCfzjGzZ7I5cFZelUe1fj6ZW1/h6Ha4Tk+3U/cdGZ8VMxgMBoPBYDAYvH/A5+ja71G4kre+W+Me777X2MAJdmV/T1wUa144ANaUj6gDdjwB61pierqvstsHXAGO4RQaT+xwpY6vBWIWvm4kfhbwfay+Dsdv6HqVMxjx0ZgNbUvjC+ir43ZVxs7+XV67abROug/e5bhXHUH2uyO093iO65Sr6QKR5mrfynTE9ewcC3ELjbM6B6O/z0U90A16JdaF33H5KUNj8dVZAbVFxdHtpHGZtK7KeVJH/S2hK3UMKA9LXA/7aKxQ0xEnpdwqXtihsr9er+yv8XHaPW0SPXl8S/Py+HbFq2X8idtc/ZhyyIqdNAG1n8cfPY6b8XtX6rj63THS+/sEnTs93bfl8ngc2usTcPs7b0A++puUyJjpBlRc1I79Kx5DsZMGPSrvmcmrfJi/R/BKHU+4Q8rlA1dd+ZYVeI4xLrOZ77WgDzlfRZ/QsaniDb39Vv1xx/4B9X/K4yl20ijnqOOgypF9z+y/W0flBPH5HXeonJ/ux7oCHdv043st4oNv9L0c3FMdZNeVX8ue787Xg8r++DLl1B07aVQmn3cq3853+oe3mZM6BtQGuqfHx2fXrbaTU/5PoeMHc8zs3mqP3eq67yVajVt+X8uvZOnWrrek8bIrnZzW8fS5zHdd2f83GAwGg8FgMPi7oOsYXc/cax7Z7UmMdZC+K2WnTF2rEu/O1oLvAW9BXo/nsO47PUdSobM/nADpduyvsRbWOzz3FvR5grcgbxaPJE7uMRvntIg9Ot+lUO5W4xUBnnWfozy0xyA8Jqv8v+ozS6t5E0OpuBgvF/k0lqMccscpaT21/iovfM6OXpBdy1G5TtCdMXGOR7kIjaV3PsO5e+WV4Qs8Rqr18/ONzsFW/p9ysjK9btnebG//2I3Yp8d8sW22b5u2AificWLsre2i04vL7nKdYGV/7OplZrH/FY/oNgowB6hsepKfc0HeX7K8qxiw7g/SeDex1uy3oyruVX2N7q1SriXzGSu9uL9DrhOs/L/bX+cJt9qffklc/VH2136xa3/8BnmpzyNft/9qbwd+RHlV5Q/Arl6q+p5gNf+jnnCMugflFvtrue6Hb7U/OqQc1cuu/clDxw61ue532ckHf678n8vrPj/TS3bP5TpBtv7zfUU6t8jOX6tuHCt70f51/8M97K/zv+rccqCzm/dxzZO+zLNdPj7/y2TRfRgrvfj8z+UafEy8hfXi4PUw9v+7Mfz+YDAYDO6FbP23imWAt/Su+Y5nOoWu17rxtoqdnmBX1/csM8tP4z+rvZEBXZe+BVw5+1CB+Nfufs1bsKNrT/8I+1f5aexHYxV+xinjCB3ELTyeDnemvC79jzNxzH2VD+Oefyd2qnXwdyRWsZKsbhqT0Xbh8iiycrK6wv+4rjWO7zKpvYhTO1e4i8r/a4xfz0vRz5TzrThCLwfdwZ1o+ehFz9WgH5cniznqdz9/SzvSeDryeBvwugU8lux8QLYP22OzxM+9rhWHp/lW+uB54sYVB7tjf/f/QNuWjlMed804QgcclfJxrsPu/137oxc9j+kyB/Rsj0LTZTZWfWX297mInq2r8lL9KLfY6cPL4d4JVv7fZcr2WlQcoeuENN37H+9hf2SirWUyB96S/Stu8Vn2z+Z/+EL1l7qPAp9UcYSuU/x/1/8Du/4O35TpPJvD7/h/rVsmzz38f2b/jlt8hv/3D/X3c7B67lDnKRlH6OXo2cGqfXta14XOM6uzmW43xWr+F3D7V/O/zndm5XT277hFv3fP+d9bx73XO4P3hbH/YGw/GAwGg8FgMBgMBoPBYDAYDAaDwWDw9+ERe9HZ+/SRwX4T/6z2vbPH0t9pEWBvTPZ5hD51b6nD32lccYnsS/N8ff8I7wDSD/s3nslTdnU5zUf37fGp7K+/Y8K+I/bZ6T63LM9qb/Ct8nd79dWG+h4Qh9Yb3bKHTPsE+T2rbVfo6vLIMnVfpPaNrP842K+W5emfam+eP7vaG7Jrf97LRPr439+xofZ/bbyG/f13B9Q+9MMO7COuoH2p28sW1/W3RTqs7E/boU87PP+s/3Od/HmXm+6h1H2bAdqbvmuJfX76jO6x1Xy1TZKG7yc4GUNUF/6uoaxvK6hbV576gsz2jL34hlWZ5Knv71GZ9f1yJ/b3ve5c53+tJ+eSdJxUWbjPd/SKzHouRPOlPajcV3zTyX5xPV+hvgB5qr5Nu9zx59nZAc3H95av5MePa/4BdKfvYlM9Mub7fKXSsc95tE7aX31Pr+5l1/mU5pG924/24P3wdEzgnFM2n3FgQ//tzGocZv20M5Yjy+ncsLM/etUxC//p7Ujtr/5d95qT54n99Vwi7VfLzN5d5fOsyv78Tzu+MidAvuzjQH50RxvO/Dq6q/yq53vl3XWByv7qNwFtMYsV6JlRXd9QV50fVucbMvtTro7lel3PpXqf0nMfnf2RydvXM9DFXXbnFpHuqtzdeHfSnvTdOtqXPtp5isFg8KHxD4gkaqLrd70WAAADP21rQlT6zsr+AH+bogAAAAAAAAAAAAAAAAAAAAAAAAAAAAAAAAAAAAAAAAAAAAAAAAAAAAAAAAAAAAAAAAAAAAAAAAAAAAAAAAAAAAAAAAAAeJzt1d1LU3Ecx/FfGdkDBEEplUkWdBXVXdETVkSlFEWGGAY9aYEEmhBk2dzmHtx0x9Sp29nZpk5tEyuTLKtNp+nUSpKoiwjqIuquf8Gs/+F0wN/74nX/gTdfvkVOV0OBFgznxRMj254/H06L9PQKvxYUZqtdnC8qFvPz81i8NgVUbcubyeld4xOTx1Kp1IEXL4fX+QIa/SXR2xFe8unrj5Wfv3zJjMVi+50N3jyH0r7eZLbSXwJ2b0gMdTUJv0cRtyy+9Dq7Ze+A33KouU1bmn/mnOH7oKvsMreW4S8/Li6fyM8srFQ3d/vrsj5o1w/7Qj1ZVdU1Ru+Dvu5UNPeW9ztLlt0sLCq+ej/ifBxp2T3jK9kcjvTmJscnjN4HfT2t0IZn3vY3b799pdR/p+XZ9PSr7h2/BqtXvvvw8fTjgUGj90Ff0TK7+j0abm+zmWq+WZpDY0M9rpyvA7Xp4xOpk063x+h90NfDcrvy+95d169opHXK7FJcfset3T/j9avez86devSE+1/kTJUOpazkWnmhpiqlVYGB674Wx75Z7UaWFu4+MvZm0uh90Ne2Ckfj6vPnLooGxbG2sSu20e3x5IQemHNVrTP7vtlq9D7ozNboFYrSKqJ9UREOBdLvmWx7LPUtuT5VSztbUGj4Pugr4FfF3KfPK1JTMxmxvv59Td72fLenKdPmqBMXLl4yfB90tcHb2pYdHx3bmRhJHh1JJg8OvRjOCHd2CbvTRf/Fr8jpbihQtWBeYjS59VU8sSTa1y+CHZ30l8OaGqtteSAYWpZIJpcu9Bf0l4vJUisW+ouF/oL+8qG/3OgvN/rLjf5yo7/c6C83+suN/nL7218LhekvKfrLrdpspb/Eah11//5/fHSU/hJSA0HR7lP/tX8dH6E/AAAAAAAAAAAAAAAAAAAAAAAAAAAAAAAAAAAAAAAAAAAAAAAAAAAAAAAAAAAAAAAAAAAAAAAAAAAAAAAAAAAAAAAAAAAAAAAAgP/lD8VoRGr6EDYRAAAEeW1rQlT6zsr+AH+iNgAAAAAAAAAAAAAAAAAAAAAAAAAAAAAAAAAAAAAAAAAAAAAAAAAAAAAAAAAAAAAAAAAAAAAAAAAAAAAAAAAAAAAAAAAAeJztmolt6zAQBV1IGkkhKSSNpJAUkkZSiD82+GM8bEjZsWT4mgcMdJDisctDIrXfK6WUUkoppZRSSv3X9/f3/uvra0qF34OyHpdM+xLpX1NVn91uN+Xz83P/+vr6c37LdaceVdYtVb5/eXk52GPr9K+t9P/7+/svSnWsej+j/2n7z+D/mT4+Pn7aAHMBbaOuK4x2wXWF1ZH4Fc69WZp1zDiztPqzdU4Z0j+kV1A+yjFKc6SKV2lW/+f8kf1fdUvwRR//ic+4iC9ynMz5o8KIX+KaZ0uVV13XsZ6ZzUVZHvJjbMrzLFumn1ScWRtIu1S+z+D/Drab+f/t7e3wjoh9eKb3x0wjfUGbILzS4pz2R/yeVh3LN7yXkV73fT6TadKeurIt5xz46P6faeb/7Dt9nkxK+LDsWO0mx1TKUPcz/VTeI6/036gdZ/+u8EofH9b5bA4gHmXk/SfvPYrW+D+FzZhv6ef5boDtsWH26+yb9L18NxiNFfk+mv0/x5D0VZYlyzur7xKPoq38jy/xbfa1nk5/L+jjSY612fdm81HWg/x6e8jxPNNkzOk26WSZbvk76K/ayv+lslG+A5Zt+3t79zXtJP3A+wRp0aZ45hT/ZzzGJPIizV6+JT3q/K+UUkoppZ5Tl9rnzXTvZS/51pTrIJewYX0bzb5r+vfUX7X2ebU/rDnUmslszXqN0v99bSO/80ff/EtrIayb9PNrKMs56kf84zG7v5Te6HqW1yytUb8m7mzNaVbmv4r9stz7I1/WPPKc9sIzuc6ebST3XjlnDZd7OSawd7MmvNs6y5nriXWP9WbWmvq6UoX3Ota9TCttV8f0GZBXXqMep8R6JfdJl73upTKfo+6XbG+j/s9aG7ZmP75rNPZXvNzHLegjrPOtCT9WL+yXY17/tyH3IRB7GXXMtcq0VabZ8xrZt/8TQZzR/ZH/R2U+R33+P8X/GX/2/pB24py9GY74M//JWBN+ar36nJd7Avh6VKf0QbdPXs/yyrDRPhP3sz9znXmPynyutvB/30cpn1CmPC8x1jF+MpbRnteGn1Ivwhg3+I8AG9O+EHNt938fc3KP8pj/+X8i8yj1+93/szKfq2P+z7kdO/R+knUt9fEpfYO/iMs8tlX4MbtnGLbk/TrnYcZw4mLntDV7nfgz9yiPlYN/a/EhbSdtyp7ZyP+jMp/zLsh+W9YpfUffzrpij9FYRdxMr+fX/dn7wZpwwpbqlWHUg7mk+zfn8tE3GM/350Z59TDaQN+LTBsTP/Oelbn3tUtoab1APb70v1JKKaWUUkoppZRSSl1NOxERERERERERERERERERERERERERERERERERERERERERERERERERERERERERERERERERERERERERERERERERERERERERERERERERERERERERERGRO+Qfh5eOatk7jpwAAAFTbWtCVPrOyv4Af6WFAAAAAAAAAAAAAAAAAAAAAAAAAAAAAAAAAAAAAAAAAAAAAAAAAAAAAAAAAAAAAAAAAAAAAAAAAAAAAAAAAAAAAAAAAAB4nO3W4WmDYBSGUQdxEQdxEBdxEAdxEQexvIELt6Yh/4oJ54FDm0/7601szlOSJEmSJEmSJEmSJEmSJEmSJEkf0XEc577vT+c5y7V397+6T/dvXddzHMdzmqbHz+wY/Sz31L11FsuyPF7HMAx/vod077JjlX2zYXatzfs9tX/VN7/+je5ftut7Vjnrn+V6nX37xtm/ul7T/ctzvu9f/9fneX7aP9fs/31l23ru1+/btv36zPfnv/2/r/oe1/er90Cu1Xf7nEXVnx3Xa5IkSZIkSZIkSfr3BgAAAAAAAAAAAAAAAAAAAAAAAAAAAAAAAAAAAAAAAAAAAAAAAAAAAAAA+EA/CvmsuFLaKmYAABFybWtCVPrOyv4Af6vRAAAAAQAAAAAAAAAAAAAAAAAAAAAAAAAAAAAAAAAAAAAAAAAAAAAAAAAAAAAAAAAAAAAAAAAAAAAAAAAAAAAAAAAAAAB4nO1crbOsuNN+/zYkEhmLjIzEIpGRsZHIyMjYSCQSixzJm/4IcG5tFZKZX/Wztbv3HmZO8XQ6nf7MYLQZjOm7rluO44hGAcby561BuAOwGKML+jnNedKtmd3YdW1BKA8nfNgDynfpCwWfMAzD/305Yp7LW5pedfDe60AclF6OQPz1BlxikRGThMed9ZMqImu7VB4meFTpq3ic2OLyNr8nlLcsy2S0cp/yR0s8CovpOHoSwIRMxvIhc5EcloByULD+s7kE03X+uONtfk+Ad1xn3Y3wh6wvPV6OXAUAGyODAC7+akhFZ1Q/LLj+8C2mjxpRsCefffq8ze8JGd7VNg2s4xE0AVjORemJfzv4ddtzsPURCsDZrh3K3sg+2vESTKcWpJ8m/Ov4Nr8n6HRshX4zfupGZpZ2Xo8B6JsBlXxJAz7BNS7MetUMe/m5hy9f27/rcP9nNCTFQLzN7wmtnjSusv/ARjaGDX1ZyD7OsPqFlD1O4ahi9ZsGBGDjjieD9W6+C6DPsyVTCZ99m98TOmUHUvMxOGsMSwD2tuphbdtCCzdJgAe4pkUC5alfUdGzO7wNp+Hou3JkTKonAajubX5PUP38IQEMdoQDmwRQyBfAg64wQZOW4UGPNq5tu773KJXDT84WGZpqOrrG7qvVrAHqbX5PgMVNjQrzJ+l8LBNJoLw6vL5rUAAzEg30APd4W8QzhhQTG0lzCa4z5C7RNurf5veE4tIVE2ZDDjEXy7064q/x/UfaGWZG48geAAqg8NfG62LrFgWbBASAX1R4/oXTkLzN7wm6rHpsTaE1oqN3rGlL6O0Vx9g0DHi0nh4AHGx93zbGFs1YJviAGkgAurdk/lkdvp+//XwiuX3h8trWqbz/YCv9Jh3VT2RPr/zrsgeNyaqcB8UdHlEAloT4cawP5m1+TxiWz1a2K6jqcnNbo5vTnir9dnLRheSqB9if0sre6RaCpBCWuKa1fh8NyfAD/JcrurkFLsdmVnJtkL7CUM9YS4YRlGBIYP+TKY/ARXZ34eEv8KQPb/N7AvnqHl71c3v9fSvODbg/jXUa2RcxdCMsvMZzECPdOJTzoEUTeX15CYsH12hLS8j72/yecOCLf/LqAy/hWmJ83MWzKq5d4+auuwSgi+WfZstWYMADHwRwBn1pxCemKtPb/J6Qq9VbNPkzGNeBx/OBbe2bkTz+FjHs2/opH62BkEaPsAig0g0kmSsMfpvfE7qBl31b8A/bgAT0duywrS36/6cAMEdUTvczShzwyG85S3QkfTr+bRGJc19//hWq/nbwHZGPuHDmf87AHvjjR1f2bXSPfp9Wdf0/E/1YwW7p09B0X+//3VJWyRebnjjNZQNnPzzH++T2L7RFqndn6ZhrtVuWYjZmTpIpNBc9xA5v83sCajHs/N0h0UFT/Md2vdj/M7MB6b5Ah2MNE9dP3nI2JRpEx1jX4BFjxCIB8/X8cRnBvXPMs3Lo1VAcvFn7/srtdIpspDXk7FNgFMniwadq8MibxX2//1Pc3AD0LUV8cHQVbgMkNCwo+8ebmwD4mE8WnbuZT47yVVh83euhrj8IQBed+vr8dw541vvq1xWTPrnJNGN07BBPt9x+PeY+OeRYXT42+vBfCoF4sxhIgL/N7wmcrfXl9TlibznrvyzkzW9X2nM+1ny6+JfDB8EyJXyglMJq1Knyq/PX8+cVHYE/Ge/uqvpUl44EAD5d9ZLumFpluDhACkA+QDi2nL7e/jGdSG49vDuuf/zD0HZqsLhRFu+3v+x3jP8bRWdGX+NesI1ezeltfk84F1nzmaaaf9f/WCERoF3Mx6oLU5bAHn100aoaJJbTsS2RskUJTFgXUsvX+78nSd/jwvGxf1//veZBwB3GYM8V4v5MDv1B2FLIIe3ZuxnqBm/ze8JFc+j6TnVM477+lAbAfI9T/0n6hpED4YmD4rf5PeGiOd9p6MvMb1gfMXTarf+96o0tzjMph/+cvwxCwLf5PeHin/8QmvbT+OHqV7O//qcGcIacNCC4QDYx/gr/mMBcefdHAwa0ARutqj0/VY1BexcWC4cEcO4U9yP8Yzm64nHl+wo5DF+GYueK8tsclu38lC2+ncnzMoKpUMEHxcVjFkDbu3mlnfIr658wBPq4M9/dKipzIio5+hS2SIAt2PNYdN1n4HwlP32H2RP0KudfWP/oE5Q9yxsPlz4rCmH/6DbU/yBFDAkC4jtjRsiappZCj4My6UUE6CI4P399/0uH3T62LHLl33aDL25QjeFhKbdljmuYF7QIy0b0Q89JwRLrnLlzTp9A+0yJC4tL9Da/JyB/pabtqNUO45fEhd6a2V36S6srVk38qR2iZw3YOHuAzVSgRG/zewLzV+PGbg6s5D4NFMVyZjeaHqMbJLlSXBixZ64tLhNUw/oZ8+Zr5vKxRQVR6gf4c37Pb+o6yZcJK70d7//IMR3WgRed1rAEf7bCYOYkRsyBzFxABxF5UKG3+T0BFw9zdxv6duz47jnZefBgE46znN9nMGtbnGoPFET5PWU+sDRW9kgAAYywU3YN4nmb3xNw+fHQiuDbtcXtOT2/44DWEHd1P3Ku6Oz2w0I49gqY2hwW9rQm/A0RE4Zv83uC4nI27OBIjMwt+EtoALD037ORW2sRvOtQCGDxhpQ573GlRzRYx5/g36N1SwF6nhDz5c/QjkgjlDksH3G6NsLBVx3Eu2sxEawi9ZuOSoZv83sCdrLggk7U9KT+9PDGpultmPclJOuX84ijIocpzKvrV1QEW0aqJ7Rxo9jb/J7Q4g7G3O2tu9Vsxwc28TZQA+ClENAHREutOn33B0BFzHAKznPF6G1+T+Dlp+xnTz17BZNVYVvCQMGAulcId+6QUtQzfGKbQ8gpsQGw3Cj2Nr8nKOKu9UQZXF62lorfALByQ4CUV90T3OnU6j+58GU+9hIkci3RcqfY2/yeUNOeNnJzW6V/ZvuaGglBPn8u/2wkgBEa41xwiUxANjbvn0zrv5b4+Df6HzlfbddwNfeBAEpk6/9J9bhlotGApZzxceV4wUJYsMxGNXcjAQ3z2Cz0Nr8nYN/eOG9g1q4m/harN5zss8s6Q0rHGraPZOQ5W2LmsuKQBJmOv9ji4t30Nr8n5LhR19o2Xc2N4NUPR032FQcAc5p/hkOufCFsAlO2yOQSan70y3JWyb6//+lS2FsPO3jFua6xXcrpH/aa2oBPwLMV2h5rypDCYLvRVIi9egnf5vcENNYZI/t4jXfwAAiv8QT7fnS1slf+gls9tEPiTdDx90baQ3refoh/Ku+MAnBXdys3hVBNYKCOmHMyomvBJ96yVtgia/3ItXP0pU75/AT/slIw9YSn1lz1H1nU9W87qulaqm0rzHk5SACNeDDa/fDncBz70iDOxUdtvr7+rYY11d7XzN4vkYD2D4e5cGLuuL+dsl7u2LEsiqfeWmvH0AED/5vBH4BS4tf7P53yZf+T07ZwazP5w0UnyP7bFajb1WOzX51/Wkg7xuiTd1zzRv4wPLCWyIG6wN7m94Sup6U34xCHjshT/X5d+fx30B6b4ISEJACdjhgSwfoPuF/q9EPfwZchCorcBfU2vyeo3iP9tqPEv+FRFpAKj39cFYDBnMdjMY8f+AInz1gACnrFtcPfCPnAX4h/HDYxkM/fQPsCKDAqxfwPf1fcQrYQYB4hNu7ZJaD5l2FMPg2oUexOf/3+t+MfHz8fS4SOT0r1UwBwxvQNTsOxACYcDuurT2TjEgP2PBe7n2JaIGP0A/NPtezR0SADWHNw9Mh/owHYMWZobl1RHWqKiBol2rNrDoKgqig5lPME8yHff/7V7g7YrS3petnmJn3Ken5mjvAmnIfEon5LAujaKjWyBsqEqZlDxERJglFCmH4I69f7P7T+HXt2bQOOUF7yZjW4vA2WuD3PcqIwkrd0SUCLvlExGzAMiX8bdY+ZIhRp+A3/Dxt1muns2+axhQiUu452RNAnYWAV2E1uMerBLDdOijYQIIKxSBw1/gL/DdZ4ymffNu9hsAFnJ2TuazkcMuDbeREEECd/IKCnCP5RWnM+/cIf4A/KOuxxOPvWqfEnGSzvNlj/jbp2A2AbzDnb2tHxp4oLCdMijYnrUsSzHLPT7RhCdu7r+x+dhS278WgraDwkPmCSgwabwCLupjYDtBnuCKnOvu5oTBZmAYszpDDpsW8lojJcSOm/vv+7oaM+cvYLOKPl8h2V//Fvg+KwpzE8B0zjwS1lT+EaiIOUA7FT9RzKSV/v/1U7HdjGF46gANvZDQP7X18jMKk8qi2+Hsd+zQCpwunGP5ozjfD1/M/BRbLqELNRr9/GnY4r239y9OGWnMCzzqHYPBdyLKuf4HBoz1G6eh+O1l/P/xpc5NkFaOaZF6jrBezjyzzgoK/MRkT+AeJfanddsRWm6Rxe+QIWEs2D1sPX539P534b6g0/FOQN9R6bZR04JAZSKK8tLd77rBse/JzZPOAeMXHhIYB53v3b/J7gMtdvDrr84sqB1qLfqjpzDnxxD9RnNuwB09UodTyOxDDiHBAI8PP1/GM6JzqwrKVvAmANcNPE1xkYPWFid5toxLEAvx3Puhn9VK/FLOBp6N7m9wTj7bUF0mbPyVaoevJlBsdq6/0eE7R371PfVaoNNIXsA5dN+KfqLIzOb/N7QqfUeBt8d9rcJHBJxg91tGtaj7m/qDYN3ncycksMN0TWL+5fH//DKU1DvVizGvStyqFuUxAbXZIBU//r0P/RdjCBH7ryCLfBrV8gfH3+R3Gl41gw5+HqFNitDSZHnI89peJrFpgl0KP4Bg4h0O2hUfKc09fXv/vas7StuP69NvU2t66j9c9k46peqMnwQvMmaMkn4LMDM6KkUTrbX+Bvbw1/muYguQ8AaHx25+ETa5157/3wZyaecgb1zO/P2tmxr4v5ev5dN94G+kJ73twFaW5IDTssfu5ng5vup8H8FQDdoXerng71901f7/9yxzMhTXiTH7d3koczYlw8Yw8sScCfnRIkgW6mXXL1j52N4uHr6z/e2bCCBqQYZlU8N1VDHZ4ExOxmO7qZCyN6Xqfh1ilR+JMDNZ3rj8ufF+gX+v77b7w7PAw0WtWXxR5DsWQkAO34+jNYbKjswAFo4C6wONxbRWobXP7jNmScFvJf7//1ZqQ+LzrK0BVaQh771h0rCMBAcX/aV9M43zv0aj/eXE5y13P8EE/PCcwmdAnHPHx9/9M55oS6fp0EC9S/PQz+7XHB/TyZlJnq7q+7cE1tdcm6jpDjfalFR4af6P9XpwTa6XaLVaQGQErq5BVdoPPhJ/KNl8afznNSHCZTSiFnGBP4ev+XLisi/iW6/YQcmNFwFf+WQvbP8A8MSITk4tXtvienFQ7Rz5HUZMXt8Da/J+DpxsHslIIF/46MwFjTf7SZ/73gDBp+r59FigD70S/sL7I9eJvfE/iqUzzrI19fFcgAnOlfrAj6sND4R4j15tNaGY5hPDvHPQxIoVzQYfh6/ujKUa3DrNC1UGc4dn9WPAqX1UFWDNuE5lrb8vz/qPvrOLhaxeNP3H8Ik37l9SHvm+iO13OG434kbANShMvQP20z0o8aujss6/6WNTLVnV7RX3qb3xMgqYGNOx26sQ7+atHW7Wf++7iiP7zuvoOczwo9rzgSc6aHSQDXMPTwA/ffCwQCgUAgEAgEAoFAIBAIBAKBQCAQCAQCgUAgEAgEAoFAIBAIBAKBQCAQCAQCgUAgEAgEAoFAIBAIBAKBQCAQCAQCgUAgEAgEAoFAIBAIBAKBQCAQCAQCgUAgEAgEAoFAIBAIBAKBQCAQCAQCgUAgEAgEAoFAIBAIBAKBQCAQCAQCgUAgEAgEAoFA8L+A/wc0fwg0gtSyLQAAGRFJREFUaIHte3lwnOd53+95v3MPLHZx7WIB4iZFigQPXRRFWodVSZZ12YriuJHjpOOOM5O2k3qaSaZp5bGbuFN3Ik+mcQ+7jkaxFUeOHUu2QlFUZCq2JYo3IR4ARYC4DwJYHHt/x3v0j12AAAgQhPxPm+o3g8Hs8T7v8z7v8z330o9+/AqGhoYhpQQXAplMBq7rQtM03Cw8z4dlmfjYgXsQr0vgjcOHYZomZufmoJSCUgp9ff1oaEjiNz7zDIQQuPfAAbx28CBamprQ3XMJ//DWEdgBC40NDRBCAACElFBKLe7DuUBFRRi/8/nPIV5XByLC64cO49DhN6HpDJZhoqamBrZtg4iQzWSRz+chlQIRrco7EcF1XVi2jXsP3INkMok3Dr+JrvfPIRCwEYtGAQDhcBgVFRUAgEKhgGw2Cy4EGGM3LScAUEpB1zUIoRAMBlFdFUOx6KAhmQTTGCoqQvA8H07RuSFtIoKCguM4SKczICIMj4zAskzEotFFGS58d2ZmFtFoFFWxGCXi8aZEfWLb9HQqcLG7x66tqfZbWpoLnut9MDM3O1goFsXE+FVc6O6GvqHTfYT/Z0FE8DzfNEzjzvlMJu4K0b+js3N+cmLCv2XrNkMpURkM2G2koX5oePQSgBSAjxTk/xcUioXAnbfv3mVZAY0rdTJRFU4dfeX7TjjRpGJ1DUSyYF/o6rraPzLdoZh2l5TiJIDpjxTknxiIaPFvKerrG3dDD+q6HTjV3tJQsHkOP+46hdiBTah878dqdFoUL+WCxbg+M7+tBnuG7YZthbNdMxtzoB/h/3ooKcF9D67rwHNdeK5LrlOM6nZlvKtv0in4alNVrPLuqemZW6Vh14wVZNPo6YN17735FsbSLN5YY9U1a2Ojph3QdnV2Jj+yIP+EwBhDJpOF5Bx2wF4I8ImgWq9OTk3mZdBL5cSjVwb6dg90HXvbdflR0w4+U51oKoYnct9kocBDwWBoh5eXL1sh6nvk4Yc6dKWUoZTSlFKklJJSKSWlVGtF/atBSgmpFAGQRCQAKABMKaXJciailBIAJAACwMqf8/J3NwICoJX/A4BUSonyPkwpZaoSL7h2HgVaw1bSNf6hShL1Fz5TSkFKCSKiFXSVlFJJKTfKe1kWjMryEABIKWWV72DhDAu4MS0oUkoJpZRDRErXNIxPTCJeV4vm1la4rguUvE4Dzc4PG7p1blAGWp0L55oD3UdOsYotYwhW7WtK7kwELp9/PVwXuzcZp12bnMRLbNOO1MjQ4B6diA4QUZyIDCIqMqIMY8xljN10nssYAyOyAFxVSl0AwAEkiKiDMWYqpSQRXQYwCsAE0A6gmoiGAIyXv3+zCALYDsACYAAYJaIBxphPRPVEdF/5LEREWUaUA4OkNTSeiMAYI1by2w6AswCyAFT5MwCIEtF+IoqUllCBMZZjSvlsg3muKqXcJhH6AVwGUEFEjxJRkogYEVUQkUdEDtFaal1iovxvloiOABgCIAhAMBBETXU1ikUHAIgxFk0ND/fZ+w6A7TogE5dGi3XJKI5r+5k9OVzs14y6yk3JLwk19dDM9PRIdcjKF/M5+cHlXl+/847bv/HgA/c3l+seSkolFZSia0/oTRwaAJR14uTp7x55+x//TVtbq01En/wXv/1b/8GyrLAC8O3//cJXLvZ0/3elVJ2U8ssKuP+uO+5I+b5/JpfLf8fz/F8EgvZyIZQksPiaMQIj6iDgbwBUAKBMJv3ynl2dX3n66U/PuK57XzAY/OZS06Kkkuvyj1KdxDQMkcvlun3P/+O5ufljj37iM3jisU+iUCh0aLr+bdu27ZKQlFRKKgVsSE6lvQAoBA+9cfi5E6dOf6OtpTnx4Mfv//fNTU0tRIwYI1KL1mx90lJJkZqZGT948NCfeL73qh2w3Sv9/XAcB5u3bAbnXClgvq46anrRKLIEjQtYXCrN0nPKgKfO9/qRzm11n7o0Pj80OnT12O67kpXBQHByy+bNum4YRiRaWRnDBlzKarg6Odk1Mjr6Q9d1lWHoDKBAdXV1UtM0EwBM07SVUIACQSFCUPF4vC4uhGh78onH9had4vPvvHv0240NDYs0GWPLCmXl6FwHUAUgCgBSqqhpmSxaWYmiU7ACdjD2q5zDNM3a3/j1Z779QW/v7/me/04kEoEQUrMsKxIMBkK/Cu0FHD9+4vWe7ktvaEyDVNII2IFQKBSq/LD0QsFg7JmnP/X177zwYqG/f/A1zjky2SwymTQ45wqgq3kvH0r/w6ukPWAVjWh1Qflc+OTKgEk9k5Pjv2xtaU65VW2VynHo6mBfsGukvmpzR2ueCSEKPudifTZWh+O4mJpOHR4eHvmjYrH4SyKClAJCCO77vrvwPSGEX7YGCoADQDDGYBhGIB6v2/L4Y4/+wf579n06nU5DSgnf90uu63oLLgHkF14QkS+EVJ7vwXU94fuLIQTW8+EroZSCpmmsrb2184nHH/uikLLt1KnTyKTTQnBe2LBwViCfL8iTp858/+h7x55TQHc8XguAwDl3lVrf0q0FIkI8Hm/++AP3/159IrEjny9A0xhCoRBs21a2bfUnGpsS+bmZhHPmFycCwxe+XxcLjhzYvcOVoJfm52ZenM85P6iz3B9mPOu193P1E1KIjrd+9rM+HUvsWDqdnuntvfLezNzs5YBtB9eTr5RCi0Wj47qu/9R13TORSARKAVKuXdpeONPKN9paWzc/9cTjf3To8Jsj2Wz2VCRSgeHhETCmwbYtSCnXXL8QKzBiy94fHhl5t+/KleO+5zumaRqrHYcA+JxzXdPtLZs7djc2NnyMiPR77t778NHjx1/pHxzsj1ZWKsau0U5Np8Z6r1x5N5fLjZmWFbhRmE0EKEDjnHNN0wYuX+77UTabG6iMRhAMBkocLBHW+NjE2NHjxw5OXL3aGwgETJQD45Vcc85d27aqd+/c+cldu3Z2EhHt2H7rvdu2bdsxMzN7obKyElJKBAIBpZSadXwxeefdd2+Rnnc6NTbSU5G4HZ1NSYwO9F5pOrAPycZqFHOZub50sVCsqN4dlz7On78wtizNFUIMX/rgg/9x7MSJQ/WJhCnX0RDu+9qe3buKba2tIE1DOByErmuQUmIDrZxFNDc33Xn/ffc+d/D1w7/b1Nh4tefSBxBCos6sWU/hStnBipvyff/w2bNd/7mv74qoi8eh5PUPKRFDNptFIBCwWltbflcptY+IdNu2o6FgsFJwjmAoqIS8ZmSzuVzP8eMnvj4yOnYmFouaN5ISI4JUijlFRzY1NXqMaQgGg1BKwXU92LZYtnxweOjiD37woz/rOn+utypWtQbPhKJTRLSy0nj2N/+5tnNn53Yi0qCgV1VFrdbWZpimhUwmi6qqkscdGhk5+/H2tl0By9h9znEHlZFIdfqOGw+a6s79+1HI5uyRkZFIXR3vcF0vlkqlTgUCAbFMQaqqqnhn5w5vOpUCY8xb71I457AsC0xjUFLC9zmEEOte5logItbc1PSJeF3tl3yff50xNpvJ5VEoFlERDq+5rhTUSazMCzva27Hv7n2a47gCAHT9+rKPEAKmWYX21ja9rbUFKFsnLrgvhRThcBhVVTG4rre4JhqN+u1trY6UCkxj3o2baqUgPmDbsCwLnAsEQ0FwzuH7Pq4FpOWzAMVoLGq2tLSgproKUlzv/YkYHKcI0zArGGOL7lYoITjnwvc5dF2HrmvgnEPTNASDweKF7p6zyfrEnfGa2B2mqfo93593OfdT0ymDlIrW1tXUhivC3tTU1MnxcWcKWNGL8TxPu3XbNj1aWYlDh9+EZZlrHhyghRoBOBfI5/MoFoswDGNDvl+U2o6SMaYREQsGA+bnnv3sl468/fYHUsofMKI8gJUu5mah77/nbr22ptr7/st/C03TlimvUgqcc9x+2214/LFHNayQR7negZXlDs/ztDvuuMOojMZwsacbtmXdFDNSSjAiBGwbjuvA87zrcgPOuR6LRbWqWAwtLc0LtYxrPKGk6IV8HqnUDAnBVy12EhGEkMhkMohGo1BKwdB1l3PxTk1NTVOirm77yOhoSzZfCPVf6fPb29sLnItL2WxuQC65QB1LClUzM7P+iZMnnbHxCQQCAdxM3DRx9Somrk5C0zSYprnhwHBoaOR8sVjsb9zUsL0yErllga89u/d87c23jlxKpzNHC4UipJQIBYMbor3AS0dHOz737GfxwovfRaTcsicizM+ncf999+LBBx/YEN3Z2Vn3zNkuN5vLwbbsm5LTUhAjZHM5pNMZ1NTULPtMSsl83weB4Ps+lgbdQOmylFLwPB+ci4X4ZUHNqFzwXDz7an0ZpdSoVGpcAcxxHJuIHBAkSgnAsgvUNU3TF4pISqm6fK7w4MzcXKgaqFBqzUohAQTGWBHAESFkLhgMwDD0DSsIF9x9/Y3D36xP1O38zK8/8+emaYKIKBaLJn7t6ae+9pOf/P2/Ghmb6I6X45AP474YY2htbcUXfue38eL3XkIgEMBsKoVHH3kE+/bthbGK67m2VoOmaSSlXIyqDMNsKTrFR+fT6fZIRUX4BnK6HgqkG3pQCPG+UjgjpVzmQzZ3dOx95OGH/jKbzaaDgYC2ehxI4JxLXWNWc0vzpoWCGhFTUkju+R50/9qZplOpla5/QRmglPJWUl8KXdd0a0FBqqurGh544L4v3FW48xnD0E2sUQYnImaYpp6aTr0qlTxqGkZuaHgEk5OTq/r5G8E0DHtubm5udHT0pV07d97d2bnjs+U9sGfX7o9B0b/9xS/f+U8zM7Oj4kMM6ADl9JUxtLe34bee/U289Nd/g4ceehD79u1F8IZWaXVlbGio3/yJRx7+fdf1irquGdhAu4CImBDCeuvIka9enZg8s/Lz+kS8KhatrPJ9H2oNDhY20zUNVnk4CgCmpqaOpbOZHiJa9qD6vv+h40K9rH0EAJZlmfX1iSSA5HoLh4ZHervef/+Q7/t5IoKua2ULsjEGPM/Td3buqJycmurq7un580hFRXNzS/M+ADAMQ7v9tj2fGR8fH5iemXm+urra45x/qA50ucSNLZs78GtPP4VtW7fCNG8UY5VQikGkkkuCoEAgYDc2NDR/GD4A4OTpM4eGBodPKiWhLc2fAWiahlBo4/U41/WuzM/P/4Xv+ZdoxUP0YZUDWBGDAIAQQvm+z1fWeQkgBZCSMp1KpU6/8spPv3ny9Ok3OBdwXRd33L4H27bdAsdZHlStB9fzVEtLsxaLRTE6Onbyg97ePzUt61uJRLyRiKBpWuW2rVv/ZSabGyjk8y97nlvEBsvbK7Fl8+abUo6yx78u0yjLSMhSj4mt+aiXSRCBlFKyUCzODQwO/ePBg4f+ZGZm7kIymcDKlVJKQUR5InJRamoCADzPt0zTWJnKKdd15yeuTp6PVFR8R2Pa3wPwfd+Htoql3aj7B1ZE7a7rOlf6+0+PjIydMy1Th7rGPGOMFYtFFgoFBzVd+0n/wEBXKBSCUgrFog5d33j8ASyMwnnKcRwopWQ2l3vz3aNHn3/qycefMwyzCgBuuWVLWywW/cNXfvJaTy5XmJFSbaS5t7gPAKTTaZzteh+trS1oSCY37BIBYG5ubuJyX9972Wzuqmma66QwBCLFOBc8GAz0vfPu0e+kUqm5ZLIeVVUxCCGWPaH9AwMD0cro4Zqa6hEsuR/OeTibzT4ZiUS2GYZevhelsrnclYsXu//drp2dp4QUCAaDqK2thbnyXEQwDGPD2eAyKrNzczM//+XRb50+c+Z7tbU15Ry8xIthGpiYmMDWLZvx6CcegWmacFwXSinYtr3h9HY571TK7V0Xo6Nj3DCMvxgaGtne3Nz0WcMoPTV1dXV77rz9tv9y8PU3voFr0fYGGooK2WwWXe+fg67r6O3tAyNCMpnc0IA2AKTTmfNH3zv2HwcGhi5FIhWlAeI1jk5EEErCd108/aknEQqFYFlWORPxUO7/LeLMma6uRCL+Z/v27h00TGPx/UI+j5+/886ZHdu3f3lzR/utjDGmFJhpGKGmpk2RXCEXmE+ni5s2NaCtrfW6u2CMITWdQsEpbuisy/N+KaXOiIKBACzTLGtbWUEMfVVF8H0ft9++B4l4HJ63PCW7Wfi+j9raauiGjr4r/VBKyRde/O4fPPP0p5t279r5MNNK5nLbtq33h8LhreFwuO5m6C71vZlMFme73l+0GIFAAH1X+iGEREvLxsKJ2poaxKJRc8ycgGVZ6yqIVBJaOQOTUqKmtgahYPC6FBYAqqpi5ukzZ8O2ZeOuu+4AUCpI/tX3/hqpmdkfFgpFoyIc/moyWd9BRKioqNjW1tbyo6npqS8AOCiE9JaMtCxDNFoJLa8vm3hfDysKZT61tbVSJBLB6bNnr9Pu1cA5XwwAfxWUKo4KQghojCnGWPqdo+99tS5e19jYkLwVKAWHHe1tTYwxWmu+YyVZAJidnUN3T891lsIwDIyMjkJIifa21jUprNyK+z4evP9+7NzRidn0PHTG1kxjCAstfgWlgB3bt0MKiampKYxNTICtoE3EEAwGcbGnB0IK7Lt7L0rLFQxDx9Dw8I/fOXpU+9iB/V+rTyQ2ERGCgWAsUZf41sDA8BcBvGpZq9ejGDEYngfTNG+6ZrWycgjGGBoakiBGOH3mLAzDXDO1lFJiz+5dqIrFVn0aNgLOJcLhMDraWjE0PALGGHzfP9Hb2/eNaGXll8PhUBMAaJp201nMsRMn5rPZXKG6urrcH1quIAvp4OTkJNLpdEbXtLkdO7YrxhiIkWZZpia5RCaThW1fCzUGh4e9QqEwb1kWIuEw1s9yS0oghIBtWWCMYXCwgLnZOdRUVV/nJxfk3dt3BQBh3913gV2rAjsDA4OvMKbp+/ff/af18USSiBAIBGq337r1iz997fX+ixe7zwUCgVW5EFJACImmpkZ07ti+rgyvi9CElLAYQ0MyCSkVzl+4CM45zCX+cAGO4yAWi8GyrF9ZQcql4MUfJ0kpoes6V0r9cHR0bFNVLPaHdfHa6099AxiGeSCbzWWklJ5pGNpaprVYLIp0Om03NCTvQ2mcERoxOTs3J7gvsF0pZhjGonZFIpH21MzM57P5/JBtWeZGYi8igmmaYSHESc/zjpZHD6/nXdfh+z6uXOmHUrJclidoTIOUMtff3/+3RKQfuGffV+LxuiQAhEKhPU6xuGlsbPxcRcXqvSsiglhojRSKi++tBX2VwUfFOQdjDG0tzRBC4IPLvYsMAqXmE2MMHR3tYIyV3cwSAqpkUVfSvZHgSuvUYhMrHA6BiDA7O5uZmJj4y7a2tta6eO3n11wLdZ3J3Lply0Px2tq7XM8Tmrb2CKWSShIjqqmujjDGDAAYGBw6ff7CxZ6GZBKGYdDS8zQ1beoIBAL/uug4jq5r5kamajVd0wv5gu/7/DnXdY+W0+jrKJR+gadDSoFz5y4s68noug7Oeb6v78pfAdAO3LPvj+Pxuk1CyLBU0tR0DewGhtYwDTiOg+6eS2hdy7Uu7GWapr1gtRljhsaYsWCKfc6x/dZtICIMDg0tWonyYA12de5YNFlLsyqlFGmaZparjCXBlCfLNMZIlhtz5T01VgLKA0SoralBLp8H5xwjo6NwXXcEwPP19fHmTY2N9y11FUTENE0jy7AgLKEtTVtDoWA4FAqu3QZeA9PTqfGTJ0+/EA6Fzu/e2QnTNBljbNHHmKZpNjQk4xulC5TczHvHTvzd8OjoGSElLMvSTcsMLMhD0zRD0zS2cEYiQiSiwfd9pDOZxYdA13UIIbzLly//LyUl/bMHH3hOKhX1fK65rgPDuHH6rpSCbuhYb6RDdxzHM03D03Vdd33fE0JIvsQUp9Np3LJlM5SSGBkZWWRQKYVMLgttxVhg+TOlaZqXTmfmbNuOKAUlRGlqTXC+WGjSNE3nnKuFEroQApqmobW1FecvXCgHZgYsy8Lg8PC58YnJ33/qiU/+12QyuV3TtJBu6BEhhOTcRz5fgOM6nJHmlQeWIYQQQkhenppdJ6glAIrncvn0yZOn/tvU1PTf7d+/z9uxfTvm02lpWVZeCLHwOwIqH/MmU20q2QkpixMTkz//2ZG3vzw0NHypsbEenu+rYtEp5PP5PGNMc13HEZwrf1ncR6iurkKhWATn10pAmqZBKYVLly//z4pIRV11VWy/xli6qqoKgXUSDKUUNF2HVQ5W13KT+oWL3T9L1ie2hkKh6Pj4ePfU9PSgYSyPN6amp1FRUYFEIgHOBRgjSKVw+XLfWpv7jLGL1VXVB4PBYCXn3B8bm+gGAdOzs56UcmBufn7Atq3Q7Oxs78zMbGbpngs/N1j6OmDb8Dz//WPHjj972217nvQ4352Ixx/KFwpXU6kUP3biJKSUo7U1NacCts00TdPSmcxMOp2eEULwdab0qRywzg8ODb9WGYn8orIyUuy5dAmTk5MAMBUMBV6uCFdUA4BhGIYQgnPOxc1kU0REnHNedJ2LmxoaXwyHw9PBUABFx0HPpUtzpmEcnJ2d3WJbVrC/f/C9q5OTcyvvAChN6q20DEQEyzRx4cLF58Oh0KuVkcjVfXv3rsfSMnCfQwoJWkXX/w8VqssKc1i8DAAAAABJRU5ErkJggg==', 0, '2021-03-03 15:32:56', '2021-12-06 18:34:57');
/*!40000 ALTER TABLE `t_api_address` ENABLE KEYS */;

-- 导出  表 finder_rotuer.t_api_token 结构
CREATE TABLE IF NOT EXISTS `t_api_token` (
  `rawId` int(11) NOT NULL AUTO_INCREMENT,
  `id` varchar(256) DEFAULT NULL COMMENT '私密ID',
  `username` varchar(128) DEFAULT NULL,
  `pubId` varchar(256) DEFAULT NULL COMMENT '公开ID',
  `applyTime` datetime DEFAULT NULL,
  `expiredTime` datetime DEFAULT NULL,
  `desc` varchar(1024) DEFAULT NULL,
  `deleted` tinyint(4) NOT NULL DEFAULT '0' COMMENT '逻辑删除',
  PRIMARY KEY (`rawId`),
  UNIQUE KEY `id` (`id`),
  UNIQUE KEY `username` (`username`)
) ENGINE=InnoDB DEFAULT CHARSET=utf8;

-- 正在导出表  finder_rotuer.t_api_token 的数据：~0 rows (大约)
/*!40000 ALTER TABLE `t_api_token` DISABLE KEYS */;
/*!40000 ALTER TABLE `t_api_token` ENABLE KEYS */;

-- 导出  表 finder_rotuer.t_black_list 结构
CREATE TABLE IF NOT EXISTS `t_black_list` (
  `id` bigint(20) NOT NULL AUTO_INCREMENT COMMENT '主键',
  `type` varchar(255) DEFAULT NULL COMMENT '人员类型',
  `username` varchar(255) DEFAULT NULL COMMENT '姓名',
  `gender` varchar(255) DEFAULT NULL COMMENT '性别  0-男， 1 -女',
  `age` varchar(255) DEFAULT NULL COMMENT '年龄',
  `id_card` varchar(255) DEFAULT NULL COMMENT '身份证号',
  `state` varchar(255) DEFAULT NULL,
  `domicile` varchar(255) DEFAULT NULL COMMENT '户籍行政区域',
  `case_category` varchar(255) DEFAULT NULL COMMENT '案件类别',
  `case_time` date DEFAULT NULL COMMENT '立案日期  年-月-日',
  `track` int(255) DEFAULT '0' COMMENT '是否为追踪库，1表示追踪，追踪库实际不存在',
  `status` int(255) DEFAULT '0' COMMENT '数据状态  0未删除 1表示删除 ',
  `create_time` datetime DEFAULT CURRENT_TIMESTAMP COMMENT '数据创建时间',
  `update_time` datetime DEFAULT NULL ON UPDATE CURRENT_TIMESTAMP COMMENT '数据最新更新时间',
  `effective_date` datetime DEFAULT NULL COMMENT '生效时间',
  `expiration_date` datetime DEFAULT NULL COMMENT '失效时间',
  `description` text COMMENT '描述',
  PRIMARY KEY (`id`)
) ENGINE=InnoDB DEFAULT CHARSET=utf8;

-- 正在导出表  finder_rotuer.t_black_list 的数据：~0 rows (大约)
/*!40000 ALTER TABLE `t_black_list` DISABLE KEYS */;
/*!40000 ALTER TABLE `t_black_list` ENABLE KEYS */;

-- 导出  表 finder_rotuer.t_camera 结构
CREATE TABLE IF NOT EXISTS `t_camera` (
  `id` bigint(20) NOT NULL AUTO_INCREMENT,
  `name` varchar(100) DEFAULT NULL,
  `type` varchar(56) DEFAULT NULL,
  `address` varchar(100) DEFAULT NULL,
  `api_address` varchar(255) DEFAULT NULL COMMENT '获取视频流地址接口',
  `web_hook` varchar(255) DEFAULT NULL COMMENT '告警推送接口',
  `status` int(11) DEFAULT NULL,
  `gpsx` double DEFAULT NULL,
  `gpsy` double DEFAULT NULL,
  `gpsz` double DEFAULT NULL,
  `install_time` datetime DEFAULT NULL,
  `manufacturer` varchar(100) DEFAULT NULL,
  `reserved1` varchar(255) DEFAULT NULL,
  `reserved2` varchar(255) DEFAULT NULL,
  `reserved3` varchar(255) DEFAULT NULL,
  `remark` varchar(255) DEFAULT NULL,
  `region_id` bigint(20) DEFAULT NULL,
  `create_time` datetime DEFAULT CURRENT_TIMESTAMP,
  `creator_id` bigint(20) DEFAULT NULL,
  `creator_name` varchar(255) DEFAULT NULL,
  `regionId` bigint(20) DEFAULT NULL,
  `parent_id` bigint(20) DEFAULT NULL,
  `grab_choice` varchar(255) DEFAULT NULL COMMENT '抓拍方式',
  `private_port` int(11) DEFAULT NULL COMMENT 'rtsp私有端口',
  `threshold` float(7,4) DEFAULT NULL COMMENT '阈值',
  `framerate` int(11) DEFAULT NULL COMMENT '帧率',
  `face_size` int(11) DEFAULT '80',
  `tracking` tinyint(4) DEFAULT '0',
  `library_id` bigint(20) DEFAULT NULL COMMENT '名单组ID',
  `recording` int(11) DEFAULT '0' COMMENT '是否选择录播   1：是   0：否    默认为0',
  `door_id` bigint(20) DEFAULT NULL COMMENT '关联门id',
  `description` varchar(255) DEFAULT NULL,
  PRIMARY KEY (`id`)
) ENGINE=InnoDB DEFAULT CHARSET=utf8;

-- 正在导出表  finder_rotuer.t_camera 的数据：~0 rows (大约)
/*!40000 ALTER TABLE `t_camera` DISABLE KEYS */;
/*!40000 ALTER TABLE `t_camera` ENABLE KEYS */;

-- 导出  表 finder_rotuer.t_camera_deployment 结构
CREATE TABLE IF NOT EXISTS `t_camera_deployment` (
  `camera_id` bigint(20) NOT NULL COMMENT '摄像头id',
  `deployment_id` bigint(20) NOT NULL COMMENT '布防计划id',
  PRIMARY KEY (`camera_id`,`deployment_id`)
) ENGINE=InnoDB DEFAULT CHARSET=utf8;

-- 正在导出表  finder_rotuer.t_camera_deployment 的数据：~0 rows (大约)
/*!40000 ALTER TABLE `t_camera_deployment` DISABLE KEYS */;
/*!40000 ALTER TABLE `t_camera_deployment` ENABLE KEYS */;

-- 导出  表 finder_rotuer.t_camera_distribution 结构
CREATE TABLE IF NOT EXISTS `t_camera_distribution` (
  `center_camera_id` bigint(20) NOT NULL COMMENT '中心服务中的像机ID',
  `cluster_uuid` varchar(64) NOT NULL COMMENT '分配到远程服务的uuid',
  `cluster_camera_id` bigint(20) NOT NULL COMMENT '远程服务中的像机id',
  UNIQUE KEY `camera_id_cluster_uuid_remote_camera_id` (`center_camera_id`,`cluster_uuid`,`cluster_camera_id`) USING BTREE
) ENGINE=InnoDB DEFAULT CHARSET=utf8;

-- 正在导出表  finder_rotuer.t_camera_distribution 的数据：~0 rows (大约)
/*!40000 ALTER TABLE `t_camera_distribution` DISABLE KEYS */;
/*!40000 ALTER TABLE `t_camera_distribution` ENABLE KEYS */;

-- 导出  表 finder_rotuer.t_camera_t_people_group 结构
CREATE TABLE IF NOT EXISTS `t_camera_t_people_group` (
  `group_id` bigint(20) NOT NULL,
  `camera_id` bigint(20) NOT NULL
) ENGINE=InnoDB DEFAULT CHARSET=utf8;

-- 正在导出表  finder_rotuer.t_camera_t_people_group 的数据：~0 rows (大约)
/*!40000 ALTER TABLE `t_camera_t_people_group` DISABLE KEYS */;
/*!40000 ALTER TABLE `t_camera_t_people_group` ENABLE KEYS */;

-- 导出  表 finder_rotuer.t_deployment 结构
CREATE TABLE IF NOT EXISTS `t_deployment` (
  `id` bigint(20) NOT NULL AUTO_INCREMENT,
  `name` varchar(255) DEFAULT NULL COMMENT '布防名称',
  `deployment_type` int(4) NOT NULL COMMENT '时间布防还是星期布防',
  `status` tinyint(4) DEFAULT NULL COMMENT '数据状态  0未删除 1表示删除 ',
  `create_time` datetime DEFAULT CURRENT_TIMESTAMP COMMENT '数据创建时间',
  `update_time` datetime DEFAULT NULL ON UPDATE CURRENT_TIMESTAMP COMMENT '数据最新更新时间',
  PRIMARY KEY (`id`)
) ENGINE=InnoDB AUTO_INCREMENT=2 DEFAULT CHARSET=utf8;

-- 正在导出表  finder_rotuer.t_deployment 的数据：~0 rows (大约)
/*!40000 ALTER TABLE `t_deployment` DISABLE KEYS */;
/*!40000 ALTER TABLE `t_deployment` ENABLE KEYS */;

-- 导出  表 finder_rotuer.t_distribution_task 结构
CREATE TABLE IF NOT EXISTS `t_distribution_task` (
  `id` int(11) NOT NULL AUTO_INCREMENT,
  `task_name` varchar(128) NOT NULL,
  `module_name` varchar(64) NOT NULL,
  `center_data_id` bigint(20) NOT NULL DEFAULT '0',
  `cluster_uuid` varchar(128) DEFAULT NULL,
  `cluster_data_id` bigint(20) DEFAULT NULL,
  `action` tinyint(4) NOT NULL,
  `retry_time` int(11) NOT NULL DEFAULT '1',
  `task_data` longtext,
  `create_time` datetime NOT NULL DEFAULT CURRENT_TIMESTAMP,
  `update_time` datetime DEFAULT NULL ON UPDATE CURRENT_TIMESTAMP,
  `deleted` tinyint(4) NOT NULL DEFAULT '0',
  `failure_reason` text,
  PRIMARY KEY (`id`)
) ENGINE=InnoDB DEFAULT CHARSET=utf8;

-- 正在导出表  finder_rotuer.t_distribution_task 的数据：~0 rows (大约)
/*!40000 ALTER TABLE `t_distribution_task` DISABLE KEYS */;
/*!40000 ALTER TABLE `t_distribution_task` ENABLE KEYS */;

-- 导出  表 finder_rotuer.t_entrance_guard 结构
CREATE TABLE IF NOT EXISTS `t_entrance_guard` (
  `id` bigint(20) NOT NULL AUTO_INCREMENT,
  `number` varchar(255) DEFAULT NULL COMMENT '设备编号',
  `name` varchar(255) DEFAULT NULL COMMENT '设备名称',
  `location` varchar(255) DEFAULT NULL COMMENT '位置信息',
  `type` varchar(255) DEFAULT NULL COMMENT '设备类型',
  `brand` varchar(255) DEFAULT NULL COMMENT '品牌',
  `sn` varchar(255) DEFAULT NULL COMMENT '设备号码',
  `address` varchar(255) DEFAULT NULL COMMENT '连接地址',
  `door_number` int(11) DEFAULT NULL COMMENT '门编号 ',
  `open_time` int(11) DEFAULT '5' COMMENT '开门延时 ',
  `status` int(11) DEFAULT '0' COMMENT '数据状态  0未删除 1表示删除 ',
  `create_time` datetime DEFAULT CURRENT_TIMESTAMP COMMENT '数据创建时间',
  `update_time` datetime DEFAULT NULL ON UPDATE CURRENT_TIMESTAMP COMMENT '数据最新更新时间',
  PRIMARY KEY (`id`)
) ENGINE=InnoDB DEFAULT CHARSET=utf8;

-- 正在导出表  finder_rotuer.t_entrance_guard 的数据：~0 rows (大约)
/*!40000 ALTER TABLE `t_entrance_guard` DISABLE KEYS */;
/*!40000 ALTER TABLE `t_entrance_guard` ENABLE KEYS */;

-- 导出  表 finder_rotuer.t_image_url 结构
CREATE TABLE IF NOT EXISTS `t_image_url` (
  `id` bigint(20) NOT NULL AUTO_INCREMENT COMMENT '主键',
  `black_list_id` bigint(20) DEFAULT NULL COMMENT '名单id',
  `image_url` varchar(255) DEFAULT NULL COMMENT '人员照片的地址',
  `status` int(11) DEFAULT '0' COMMENT '数据状态  0未删除 1表示删除 ',
  `create_time` datetime DEFAULT CURRENT_TIMESTAMP COMMENT '数据创建时间',
  `update_time` datetime DEFAULT NULL ON UPDATE CURRENT_TIMESTAMP COMMENT '数据最新更新时间',
  PRIMARY KEY (`id`),
  UNIQUE KEY `id_black_list_id` (`id`,`black_list_id`)
) ENGINE=InnoDB DEFAULT CHARSET=utf8;

-- 正在导出表  finder_rotuer.t_image_url 的数据：~0 rows (大约)
/*!40000 ALTER TABLE `t_image_url` DISABLE KEYS */;
/*!40000 ALTER TABLE `t_image_url` ENABLE KEYS */;

-- 导出  表 finder_rotuer.t_impower_info 结构
CREATE TABLE IF NOT EXISTS `t_impower_info` (
  `id` int(11) NOT NULL AUTO_INCREMENT,
  `user` varchar(255) NOT NULL,
  `expire_time` varchar(255) NOT NULL COMMENT '失效时间时间戳',
  `camera_num` int(11) NOT NULL COMMENT '摄像头数量',
  `uuid` varchar(255) NOT NULL COMMENT '授权码',
  `status` int(11) DEFAULT '0' COMMENT '数据状态  0未删除 1表示删除 ',
  `create_time` datetime DEFAULT CURRENT_TIMESTAMP COMMENT '数据创建时间',
  `update_time` datetime DEFAULT NULL COMMENT '数据最新更新时间',
  PRIMARY KEY (`id`)
) ENGINE=InnoDB DEFAULT CHARSET=utf8;

-- 正在导出表  finder_rotuer.t_impower_info 的数据：~0 rows (大约)
/*!40000 ALTER TABLE `t_impower_info` DISABLE KEYS */;
/*!40000 ALTER TABLE `t_impower_info` ENABLE KEYS */;

-- 导出  表 finder_rotuer.t_matched_black 结构
CREATE TABLE IF NOT EXISTS `t_matched_black` (
  `id` bigint(20) NOT NULL AUTO_INCREMENT COMMENT '主键',
  `suspect_id` bigint(20) DEFAULT NULL COMMENT '嫌疑人id',
  `suspect_name` varchar(36) DEFAULT NULL COMMENT '嫌疑人名字',
  `suspect_type` varchar(128) DEFAULT NULL COMMENT '嫌疑人类型',
  `suspect_gender` varchar(12) DEFAULT NULL COMMENT '嫌疑人性别',
  `suspect_age` int(11) DEFAULT NULL COMMENT '嫌疑人年龄',
  `suspect_card` varchar(36) DEFAULT NULL COMMENT '嫌疑人身份证号',
  `suspect_index` varchar(32) DEFAULT NULL COMMENT '嫌疑人编号',
  `suspect_state` varchar(10) DEFAULT NULL,
  `origin_url` varchar(255) DEFAULT NULL COMMENT '原始的一张照片',
  `camera_id` bigint(20) DEFAULT NULL COMMENT '摄像头id',
  `camera_name` varchar(128) DEFAULT NULL COMMENT '摄像头名称',
  `camera_address` varchar(255) DEFAULT NULL COMMENT '摄像头地址',
  `camera_manufacturer` varchar(255) DEFAULT NULL COMMENT '摄像头位置',
  `judge_result` varchar(255) DEFAULT '1' COMMENT '判断结果',
  `judge_way` varchar(128) DEFAULT NULL COMMENT '判断方式',
  `similarity` float(7,4) DEFAULT NULL COMMENT '相似度',
  `matched_frame` varchar(255) DEFAULT NULL,
  `matched_face` varchar(255) DEFAULT NULL,
  `timestamp` bigint(20) DEFAULT NULL COMMENT '捕获时间',
  `status` int(255) DEFAULT '0' COMMENT '数据状态  0未删除 1表示删除 ',
  `create_time` datetime DEFAULT CURRENT_TIMESTAMP COMMENT '数据创建时间',
  `update_time` datetime DEFAULT NULL ON UPDATE CURRENT_TIMESTAMP COMMENT '数据更新时间',
  `group_id` bigint(20) DEFAULT NULL COMMENT '组id',
  `replacement` int(11) DEFAULT '0' COMMENT '是否被置换  默认没有',
  `effective_date` datetime DEFAULT NULL COMMENT '生效时间',
  `expiration_date` datetime DEFAULT NULL COMMENT '失效时间',
  `record_file` varchar(255) DEFAULT NULL COMMENT '录制视频文件',
  PRIMARY KEY (`id`),
  KEY `status_group_id_key` (`status`,`group_id`) USING BTREE,
  KEY `status_timestamp_group_key` (`status`,`timestamp`,`camera_id`,`group_id`) USING BTREE,
  KEY `status_timestamp_judge_group_ke` (`status`,`timestamp`,`judge_result`,`group_id`) USING BTREE,
  KEY `status_judge_group_key` (`status`,`judge_result`,`group_id`)
) ENGINE=InnoDB DEFAULT CHARSET=utf8;

-- 正在导出表  finder_rotuer.t_matched_black 的数据：~0 rows (大约)
/*!40000 ALTER TABLE `t_matched_black` DISABLE KEYS */;
/*!40000 ALTER TABLE `t_matched_black` ENABLE KEYS */;

-- 导出  表 finder_rotuer.t_people_distribution 结构
CREATE TABLE IF NOT EXISTS `t_people_distribution` (
  `center_blacklist_id` bigint(20) NOT NULL,
  `cluster_uuid` varchar(64) NOT NULL,
  `cluster_blacklist_id` bigint(20) NOT NULL DEFAULT '0'
) ENGINE=InnoDB DEFAULT CHARSET=utf8 COMMENT='人员分发表';

-- 正在导出表  finder_rotuer.t_people_distribution 的数据：~0 rows (大约)
/*!40000 ALTER TABLE `t_people_distribution` DISABLE KEYS */;
/*!40000 ALTER TABLE `t_people_distribution` ENABLE KEYS */;

-- 导出  表 finder_rotuer.t_people_group 结构
CREATE TABLE IF NOT EXISTS `t_people_group` (
  `id` bigint(20) NOT NULL AUTO_INCREMENT COMMENT '主键',
  `name` varchar(20) NOT NULL COMMENT '组名',
  `description` varchar(256) DEFAULT NULL COMMENT '描述',
  `create_time` datetime DEFAULT CURRENT_TIMESTAMP COMMENT '数据创建时间',
  `update_time` datetime DEFAULT NULL ON UPDATE CURRENT_TIMESTAMP COMMENT '数据更新时间',
  `update_user` bigint(20) DEFAULT NULL,
  `library_id` bigint(20) DEFAULT NULL,
  `type` tinyint(2) NOT NULL DEFAULT '0' COMMENT '0: 库，1：组',
  PRIMARY KEY (`id`),
  UNIQUE KEY `name_library_id` (`name`,`library_id`)
) ENGINE=InnoDB AUTO_INCREMENT=5 DEFAULT CHARSET=utf8;

-- 正在导出表  finder_rotuer.t_people_group 的数据：~2 rows (大约)
/*!40000 ALTER TABLE `t_people_group` DISABLE KEYS */;
INSERT IGNORE INTO `t_people_group` (`id`, `name`, `description`, `create_time`, `update_time`, `update_user`, `library_id`, `type`) VALUES
	(1, '临时库', NULL, '2021-11-30 19:32:15', NULL, 1, NULL, 0),
	(2, '临时人员', NULL, '2021-11-30 19:32:23', NULL, 1, 1, 1);
/*!40000 ALTER TABLE `t_people_group` ENABLE KEYS */;

-- 导出  表 finder_rotuer.t_people_group_t_black_list 结构
CREATE TABLE IF NOT EXISTS `t_people_group_t_black_list` (
  `group_id` bigint(20) NOT NULL,
  `people_id` bigint(20) NOT NULL,
  KEY `group_id` (`group_id`) USING BTREE,
  KEY `people_id` (`people_id`)
) ENGINE=InnoDB DEFAULT CHARSET=utf8;

-- 正在导出表  finder_rotuer.t_people_group_t_black_list 的数据：~0 rows (大约)
/*!40000 ALTER TABLE `t_people_group_t_black_list` DISABLE KEYS */;
/*!40000 ALTER TABLE `t_people_group_t_black_list` ENABLE KEYS */;

-- 导出  表 finder_rotuer.t_region 结构
CREATE TABLE IF NOT EXISTS `t_region` (
  `id` bigint(20) NOT NULL AUTO_INCREMENT,
  `name` varchar(100) DEFAULT NULL,
  `parent_id` bigint(20) DEFAULT NULL,
  `create_time` datetime DEFAULT CURRENT_TIMESTAMP,
  `creator_id` bigint(20) DEFAULT NULL,
  `creator_name` varchar(255) DEFAULT NULL,
  `reserved1` varchar(255) DEFAULT NULL,
  `reserved2` varchar(255) DEFAULT NULL,
  `reserved3` varchar(255) DEFAULT NULL,
  `remark` varchar(255) DEFAULT NULL,
  PRIMARY KEY (`id`)
) ENGINE=InnoDB AUTO_INCREMENT=4 DEFAULT CHARSET=utf8;

-- 正在导出表  finder_rotuer.t_region 的数据：~2 rows (大约)
/*!40000 ALTER TABLE `t_region` DISABLE KEYS */;
INSERT IGNORE INTO `t_region` (`id`, `name`, `parent_id`, `create_time`, `creator_id`, `creator_name`, `reserved1`, `reserved2`, `reserved3`, `remark`) VALUES
	(1, '武汉', 0, '2021-11-22 17:49:52', NULL, NULL, NULL, NULL, NULL, ''),
	(2, '北京', 0, '2021-12-07 17:57:49', NULL, NULL, NULL, NULL, NULL, '');
/*!40000 ALTER TABLE `t_region` ENABLE KEYS */;

-- 导出  表 finder_rotuer.t_resource 结构
CREATE TABLE IF NOT EXISTS `t_resource` (
  `id` bigint(20) NOT NULL AUTO_INCREMENT,
  `create_time` datetime DEFAULT CURRENT_TIMESTAMP,
  `creator_id` bigint(20) DEFAULT NULL,
  `available` bit(1) DEFAULT NULL,
  `name` varchar(100) DEFAULT NULL,
  `parent_id` bigint(20) DEFAULT NULL,
  `permission` varchar(100) DEFAULT NULL,
  `priority` int(11) DEFAULT NULL,
  `type` varchar(30) DEFAULT NULL,
  `creator_name` varchar(255) DEFAULT NULL,
  `url` varchar(255) DEFAULT NULL,
  PRIMARY KEY (`id`)
) ENGINE=InnoDB AUTO_INCREMENT=1311 DEFAULT CHARSET=utf8;

-- 正在导出表  finder_rotuer.t_resource 的数据：~124 rows (大约)
/*!40000 ALTER TABLE `t_resource` DISABLE KEYS */;
INSERT IGNORE INTO `t_resource` (`id`, `create_time`, `creator_id`, `available`, `name`, `parent_id`, `permission`, `priority`, `type`, `creator_name`, `url`) VALUES
	(1, '2021-03-03 15:32:59', NULL, NULL, '目标名单管理', 0, '/blacklist/get:post', NULL, NULL, NULL, NULL),
	(2, '2021-03-03 15:32:59', NULL, NULL, '摄像头管理', 0, '/cameras:get', NULL, NULL, NULL, NULL),
	(3, '2021-03-03 15:32:59', NULL, NULL, '报警查询', 0, '/matched:get', NULL, NULL, NULL, NULL),
	(4, '2021-03-03 15:32:59', NULL, NULL, '区域管理', 0, '/regions:get', NULL, NULL, NULL, NULL),
	(5, '2021-03-03 15:32:59', NULL, NULL, '角色管理', 0, '/roles:get', NULL, NULL, NULL, NULL),
	(6, '2021-03-03 15:32:59', NULL, NULL, '用户管理', 0, '/users:get', NULL, NULL, NULL, NULL),
	(7, '2021-03-03 15:32:59', NULL, NULL, '视频管理', 0, '/videos:get', NULL, NULL, NULL, NULL),
	(8, '2021-03-03 15:32:59', NULL, NULL, '系统配置管理', 0, '/api_address:get', NULL, NULL, NULL, NULL),
	(9, '2021-03-03 15:32:59', NULL, NULL, '布防计划管理', 0, '/deployment:get', NULL, NULL, NULL, NULL),
	(10, '2021-03-03 15:32:59', NULL, NULL, '智能互联', 0, '/entranceGuard:get', NULL, NULL, NULL, NULL),
	(11, '2021-05-21 11:57:23', NULL, NULL, 'AK-SK相关接口', 0, '/api-token:get', NULL, NULL, NULL, NULL),
	(12, '2021-05-31 16:54:46', NULL, NULL, '静态资源管理', 0, '/statics:get', NULL, NULL, NULL, NULL),
	(13, '2021-05-31 17:06:14', NULL, NULL, '人脸算法管理', 0, '/face:get', NULL, NULL, NULL, NULL),
	(101, '2021-03-03 15:32:59', NULL, NULL, '目标名单删除', 1, '/blacklist/\\d+:delete', NULL, NULL, NULL, NULL),
	(102, '2021-03-03 15:32:59', NULL, NULL, '目标名单添加', 1, '/blacklist:post', NULL, NULL, NULL, NULL),
	(103, '2021-03-03 15:32:59', NULL, NULL, '目标名单修改', 1, '/blacklist/\\d+:put', NULL, NULL, NULL, NULL),
	(104, '2021-03-03 15:32:59', NULL, NULL, 'Excel导入目标名单', 1, '/blacklist/excel:post', NULL, NULL, NULL, NULL),
	(105, '2021-03-03 15:32:59', NULL, NULL, '获取布控的总人数', 1, '/blacklist/count:get', NULL, NULL, NULL, NULL),
	(106, '2021-03-03 15:32:59', NULL, NULL, '查看名单列表', 1, '/blacklist/get:post', NULL, NULL, NULL, NULL),
	(107, '2021-03-03 15:32:59', NULL, NULL, '文件夹导入人员名单', 1, '/blacklistImport2:post', NULL, NULL, NULL, NULL),
	(108, '2021-03-03 15:32:59', NULL, NULL, '获取名单库列表', 1, '/peopleList/group:get', NULL, NULL, NULL, NULL),
	(109, '2021-03-03 15:32:59', NULL, NULL, '新增名单分组', 1, '/peopleList/group:post', NULL, NULL, NULL, NULL),
	(110, '2021-03-03 15:32:59', NULL, NULL, '新增名单分组-摄像头关系', 1, '/peopleList/group/camera:post', NULL, NULL, NULL, NULL),
	(111, '2021-03-03 15:32:59', NULL, NULL, '更新名单分组', 1, '/peopleList/group:put', NULL, NULL, NULL, NULL),
	(112, '2021-03-03 15:32:59', NULL, NULL, '删除名单分组', 1, '/peopleList/group:delete', NULL, NULL, NULL, NULL),
	(113, '2021-03-03 15:32:59', NULL, NULL, '获取名单库类别列表', 1, '/peopleList/groupLibrary:get', NULL, NULL, NULL, NULL),
	(114, '2021-03-03 15:32:59', NULL, NULL, '增加名单库类别', 1, '/peopleList/groupLibrary:post', NULL, NULL, NULL, NULL),
	(115, '2021-03-03 15:32:59', NULL, NULL, '修改名单库类别', 1, '/peopleList/groupLibrary:put', NULL, NULL, NULL, NULL),
	(116, '2021-03-03 15:32:59', NULL, NULL, '删除名单库类别', 1, '/peopleList/groupLibrary:delete', NULL, NULL, NULL, NULL),
	(117, '2021-03-03 15:32:59', NULL, NULL, '迁移/复制库', 1, '/blacklist/migrate:put', NULL, NULL, NULL, NULL),
	(118, '2021-03-03 15:32:59', NULL, NULL, '录播视频下载', 1, '/videoload:post', NULL, NULL, NULL, NULL),
	(119, '2021-03-03 15:32:59', NULL, NULL, '清除预置库人员', 1, '/blacklist/cleanup:delete', NULL, NULL, NULL, NULL),
	(120, '2021-03-03 15:32:59', NULL, NULL, 'Zip导入目标名单', 1, '/blacklist/zip:post', NULL, NULL, NULL, NULL),
	(201, '2021-03-03 15:32:59', NULL, NULL, '摄像头添加', 2, '/cameras:post', NULL, NULL, NULL, NULL),
	(202, '2021-03-03 15:32:59', NULL, NULL, '摄像头修改', 2, '/cameras/\\d+:put', NULL, NULL, NULL, NULL),
	(203, '2021-03-03 15:32:59', NULL, NULL, '摄像头删除', 2, '/cameras/\\d+:delete', NULL, NULL, NULL, NULL),
	(204, '2021-03-03 15:32:59', NULL, NULL, '摄像头叠层展示', 2, '/cameras-labels:get', NULL, NULL, NULL, NULL),
	(205, '2021-03-03 15:32:59', NULL, NULL, '摄像头区域', 2, '/cameras-regions:get', NULL, NULL, NULL, NULL),
	(206, '2021-03-03 15:32:59', NULL, NULL, '获取摄像头id及name', 2, '/cameras-id-name:get', NULL, NULL, NULL, NULL),
	(207, '2021-03-03 15:32:59', NULL, NULL, '获取摄像头获取区域的总路径', 2, '/region-fullname/\\d+:get', NULL, NULL, NULL, NULL),
	(208, '2021-03-03 15:32:59', NULL, NULL, '查看摄像头列表', 2, '/cameras:get', NULL, NULL, NULL, NULL),
	(209, '2021-03-03 15:32:59', NULL, NULL, '添加布控时间段', 2, '/deployment:post', NULL, NULL, NULL, NULL),
	(210, '2021-03-03 15:32:59', NULL, NULL, '删除布控时间段', 2, '/deployment/\\d+:delete', NULL, NULL, NULL, NULL),
	(211, '2021-03-03 15:32:59', NULL, NULL, '清除摄像头', 2, '/cameras/cleanup:delete', NULL, NULL, NULL, NULL),
	(212, '2021-06-01 11:01:52', NULL, NULL, '抓取摄像机实时截图(无缓存)', 2, '/grab-frame/\\d+:get', NULL, NULL, NULL, NULL),
	(213, '2021-06-03 15:09:19', NULL, NULL, '添加摄像机描述信息', 2, '/cameras/desc:post', NULL, NULL, NULL, NULL),
	(214, '2021-06-04 12:50:48', NULL, NULL, '修改布防', 2, '/cameras:put', NULL, NULL, NULL, NULL),
	(215, '2021-06-17 16:44:30', NULL, NULL, '获取真正的RTSP地址', 2, '/camera/rtsp:get', NULL, NULL, NULL, NULL),
	(301, '2021-03-03 15:32:59', NULL, NULL, '修改历史人脸抓拍方式', 3, '/matched/\\d+:put', NULL, NULL, NULL, NULL),
	(302, '2021-03-03 15:32:59', NULL, NULL, '获取历史人脸的总条数', 3, '/matched/count:get', NULL, NULL, NULL, NULL),
	(303, '2021-03-03 15:32:59', NULL, NULL, '根据条件获取历史匹配数', 3, '/matched/count/condition:get', NULL, NULL, NULL, NULL),
	(304, '2021-05-31 16:46:49', NULL, NULL, '以图搜图', 3, '/faces/search:post', NULL, NULL, NULL, NULL),
	(305, '2021-06-03 17:27:17', NULL, NULL, '告警推送', 3, '/matched/\\d+:get', NULL, NULL, NULL, NULL),
	(306, '2021-07-29 21:38:39', NULL, NULL, '实时轨迹', 3, '/track/\\d+:get', NULL, NULL, NULL, NULL),
	(401, '2021-03-03 15:32:59', NULL, NULL, '添加区域信息', 4, '/regions:post', NULL, NULL, NULL, NULL),
	(402, '2021-03-03 15:32:59', NULL, NULL, '修改区域信息', 4, '/regions/\\d+:put', NULL, NULL, NULL, NULL),
	(403, '2021-03-03 15:32:59', NULL, NULL, '删除区域信息', 4, '/regions/\\d+:delete', NULL, NULL, NULL, NULL),
	(404, '2021-03-03 15:32:59', NULL, NULL, '查看区域列表', 4, '/regions:get', NULL, NULL, NULL, NULL),
	(501, '2021-03-03 15:32:59', NULL, NULL, '角色删除', 5, '/roles:post', NULL, NULL, NULL, NULL),
	(502, '2021-03-03 15:32:59', NULL, NULL, '角色修改', 5, '/roles/\\d+:put', NULL, NULL, NULL, NULL),
	(503, '2021-03-03 15:32:59', NULL, NULL, '角色删除', 5, '/roles/\\d+:delete', NULL, NULL, NULL, NULL),
	(504, '2021-03-03 15:32:59', NULL, NULL, '获取权限叠层展示', 5, '/roles-label:get', NULL, NULL, NULL, NULL),
	(505, '2021-03-03 15:32:59', NULL, NULL, '获取角色id及name', 5, '/roles-id-name:get', NULL, NULL, NULL, NULL),
	(506, '2021-03-03 15:32:59', NULL, NULL, '查看角色列表', 5, '/roles:get', NULL, NULL, NULL, NULL),
	(601, '2021-03-03 15:32:59', NULL, NULL, '用户添加', 6, '/users:post', NULL, NULL, NULL, NULL),
	(602, '2021-03-03 15:32:59', NULL, NULL, '用户修改', 6, '/users/\\d+:put', NULL, NULL, NULL, NULL),
	(603, '2021-03-03 15:32:59', NULL, NULL, '用户删除', 6, '/users/\\d+:delete', NULL, NULL, NULL, NULL),
	(604, '2021-03-03 15:32:59', NULL, NULL, '获取用户id及name', 6, '/users-id-name:get', NULL, NULL, NULL, NULL),
	(605, '2021-03-03 15:32:59', NULL, NULL, '查看用户列表', 6, '/users:get', NULL, NULL, NULL, NULL),
	(606, '2021-06-03 18:00:32', NULL, NULL, '验证权限', 6, '/authorization/verify:get', NULL, NULL, NULL, NULL),
	(607, '2021-06-03 18:14:14', NULL, NULL, '密码验证', 6, '/password/verify:post', NULL, NULL, NULL, NULL),
	(701, '2021-03-03 15:32:59', NULL, NULL, '查看视频列表', 7, '/videos:get', NULL, NULL, NULL, NULL),
	(702, '2021-03-03 15:32:59', NULL, NULL, '视频删除', 7, '/videos:delete', NULL, NULL, NULL, NULL),
	(703, '2021-03-03 15:32:59', NULL, NULL, '更新视频信息', 7, '/videos/update:post', NULL, NULL, NULL, NULL),
	(704, '2021-03-03 15:32:59', NULL, NULL, '更新视频信息', 7, '/videos/update:post', NULL, NULL, NULL, NULL),
	(705, '2021-03-03 15:32:59', NULL, NULL, '文件分片上传', 7, '/videos/uploadChunk:post', NULL, NULL, NULL, NULL),
	(706, '2021-03-03 15:32:59', NULL, NULL, '文件分片合并', 7, '/videos/mergeChunks:post', NULL, NULL, NULL, NULL),
	(707, '2021-03-03 15:32:59', NULL, NULL, '查看文件是否存在', 7, '/videos/exists/[\\w\\W]*:get', NULL, NULL, NULL, NULL),
	(708, '2021-05-31 17:04:01', NULL, NULL, '视频分析检索', 7, '/video-faces/search:post', NULL, NULL, NULL, NULL),
	(709, '2021-06-02 16:58:20', NULL, NULL, '录播视频', 7, '/record/play/[\\w\\W]*:get', NULL, NULL, NULL, NULL),
	(801, '2021-03-03 15:32:59', NULL, NULL, '系统配置列表', 8, '/api_address:get', NULL, NULL, NULL, NULL),
	(802, '2021-03-03 15:32:59', NULL, NULL, '修改配置信息', 8, '/api_address/\\d+:put', NULL, NULL, NULL, NULL),
	(803, '2021-03-03 15:32:59', NULL, NULL, '系统激活用户信息', 8, '/certificate:get', NULL, NULL, NULL, NULL),
	(804, '2021-03-03 15:32:59', NULL, NULL, '系统激活功能', 8, '/certificate:post', NULL, NULL, NULL, NULL),
	(805, '2021-06-01 11:20:25', NULL, NULL, '获取系统配置', 8, '/system/config:get', NULL, NULL, NULL, NULL),
	(806, '2021-06-01 11:21:37', NULL, NULL, '添加/修改系统设置', 8, '/system/config:post', NULL, NULL, NULL, NULL),
	(807, '2021-06-01 11:22:06', NULL, NULL, '清理系统数据', 8, '/cleanup/\\w+:delete', NULL, NULL, NULL, NULL),
	(901, '2021-03-03 15:32:59', NULL, NULL, '布防管理列表', 9, '/deployment:get', NULL, NULL, NULL, NULL),
	(902, '2021-03-03 15:32:59', NULL, NULL, '新增布防计划', 9, '/deployment:post', NULL, NULL, NULL, NULL),
	(903, '2021-03-03 15:32:59', NULL, NULL, '修改布防计划', 9, '/deployment/\\d+:put', NULL, NULL, NULL, NULL),
	(904, '2021-03-03 15:32:59', NULL, NULL, '删除布防计划', 9, '/deployment/\\d+:delete', NULL, NULL, NULL, NULL),
	(905, '2021-03-03 15:32:59', NULL, NULL, '获取所有的布防计划', 9, '/deployment/all:get', NULL, NULL, NULL, NULL),
	(1001, '2021-03-03 15:32:59', NULL, NULL, '智能互联列表', 10, '/entranceGuard:get', NULL, NULL, NULL, NULL),
	(1002, '2021-03-03 15:32:59', NULL, NULL, '新增智能互联', 10, '/entranceGuard:post', NULL, NULL, NULL, NULL),
	(1003, '2021-03-03 15:32:59', NULL, NULL, '修改智能互联', 10, '/entranceGuard/\\d+:put', NULL, NULL, NULL, NULL),
	(1004, '2021-03-03 15:32:59', NULL, NULL, '删除智能互联', 10, '/entranceGuard/\\d+:delete', NULL, NULL, NULL, NULL),
	(1005, '2021-03-03 15:32:59', NULL, NULL, '获取所有智能互联', 10, '/entranceGuard/all:get', NULL, NULL, NULL, NULL),
	(1101, '2021-05-21 11:58:18', NULL, NULL, '刷新SK', 11, '/api-token/token/\\d+:post', NULL, NULL, NULL, NULL),
	(1102, '2021-05-21 11:58:53', NULL, NULL, '获取AK-SK列表', 11, '/api-token/list:get', NULL, NULL, NULL, NULL),
	(1103, '2021-05-21 11:59:20', NULL, NULL, '新增AK-SK信息', 11, '/api-token:post', NULL, NULL, NULL, NULL),
	(1104, '2021-05-21 11:59:45', NULL, NULL, '删除AK-SK信息', 11, '/api-token:delete', NULL, NULL, NULL, NULL),
	(1201, '2021-05-31 16:55:25', NULL, NULL, '获取图片', 12, '/images/[\\w\\W]*:get', NULL, NULL, NULL, NULL),
	(1202, '2021-05-31 16:56:45', NULL, NULL, 'SeaWeedFS图片获取', 12, '/seaweedfs/[\\w\\W]*:get', NULL, NULL, NULL, NULL),
	(1203, '2021-05-31 16:57:46', NULL, NULL, 'weedfs图片获取', 12, '/image/[\\w\\W]*:get', NULL, NULL, NULL, NULL),
	(1204, '2021-05-31 16:58:44', NULL, NULL, 'weedfs图片上传', 12, '/seaweedfs/upload:post', NULL, NULL, NULL, NULL),
	(1205, '2021-06-02 11:10:41', NULL, NULL, '文件分享', 12, '/share/[\\w\\W]*:get', NULL, NULL, NULL, NULL),
	(1206, '2021-06-02 11:11:13', NULL, NULL, '模板文件', 12, '/template/[\\w\\W]*:get', NULL, NULL, NULL, NULL),
	(1207, '2021-06-02 11:12:08', NULL, NULL, '视频文件', 12, '/video/[\\w\\W]*:get', NULL, NULL, NULL, NULL),
	(1208, '2021-06-02 11:12:59', NULL, NULL, 'kubernetes接口', 12, '/k8s/[\\w\\W]*:get', NULL, NULL, NULL, NULL),
	(1209, '2021-06-02 11:14:09', NULL, NULL, '分析文件', 12, '/analyze/[\\w\\W]*:get', NULL, NULL, NULL, NULL),
	(1210, '2021-06-02 11:14:36', NULL, NULL, '秘密文件', 12, '/permit/[\\w\\W]*:get', NULL, NULL, NULL, NULL),
	(1211, '2021-06-02 11:15:56', NULL, NULL, '报告文件', 12, '/report/[\\w\\W]*:get', NULL, NULL, NULL, NULL),
	(1212, '2021-06-02 11:16:33', NULL, NULL, '视频压缩包', 12, '/videozip/[\\w\\W]*:get', NULL, NULL, NULL, NULL),
	(1213, '2021-06-03 17:23:18', NULL, NULL, '404', 12, '/404:get', NULL, NULL, NULL, NULL),
	(1301, '2021-05-31 17:07:25', NULL, NULL, '人脸检测', 13, '/faces/detect:post', NULL, NULL, NULL, NULL),
	(1302, '2021-05-31 17:08:03', NULL, NULL, '提取人脸特征', 13, '/faces/feature:post', NULL, NULL, NULL, NULL),
	(1303, '2021-05-31 17:08:33', NULL, NULL, '人脸比较', 13, '/faces/compare:post', NULL, NULL, NULL, NULL),
	(1304, '2021-05-31 17:08:55', NULL, NULL, '抓拍人脸检索', 13, '/faces/search:post', NULL, NULL, NULL, NULL),
	(1305, '2021-06-03 18:29:14', NULL, NULL, '抓拍人脸推送', 13, '/face/\\d+:get', NULL, NULL, NULL, NULL),
	(1306, '2021-06-03 18:30:03', NULL, NULL, 'API推送', 13, '/mix/\\d+:get', NULL, NULL, NULL, NULL),
	(1307, '2021-06-09 10:27:24', NULL, NULL, 'API推送所有', 13, '/mix/-1:get', NULL, NULL, NULL, NULL),
	(1308, '2021-06-09 10:27:53', NULL, NULL, '推送所有抓拍人脸', 13, '/face/-1:get', NULL, NULL, NULL, NULL),
	(1309, '2021-06-09 10:28:37', NULL, NULL, '推送所有匹配记录', 13, '/matched/-1:get', NULL, NULL, NULL, NULL),
	(1310, '2021-06-09 10:28:37', NULL, NULL, '人脸质量检测', 13, '/faces/quality:post', NULL, NULL, NULL, NULL);
/*!40000 ALTER TABLE `t_resource` ENABLE KEYS */;

-- 导出  表 finder_rotuer.t_role 结构
CREATE TABLE IF NOT EXISTS `t_role` (
  `id` bigint(20) NOT NULL AUTO_INCREMENT,
  `create_time` datetime DEFAULT NULL,
  `creator_id` bigint(20) DEFAULT NULL,
  `available` bit(1) DEFAULT NULL,
  `description` varchar(200) DEFAULT NULL,
  `mark` varchar(100) DEFAULT NULL,
  `name` varchar(100) DEFAULT NULL,
  `creator_name` varchar(255) DEFAULT NULL,
  PRIMARY KEY (`id`)
) ENGINE=InnoDB AUTO_INCREMENT=2 DEFAULT CHARSET=utf8;

-- 正在导出表  finder_rotuer.t_role 的数据：~0 rows (大约)
/*!40000 ALTER TABLE `t_role` DISABLE KEYS */;
INSERT IGNORE INTO `t_role` (`id`, `create_time`, `creator_id`, `available`, `description`, `mark`, `name`, `creator_name`) VALUES
	(1, '2021-10-08 16:35:08', 1, NULL, '拥有最高权限', NULL, '系统管理员', 'admin');
/*!40000 ALTER TABLE `t_role` ENABLE KEYS */;

-- 导出  表 finder_rotuer.t_role_resource 结构
CREATE TABLE IF NOT EXISTS `t_role_resource` (
  `role_id` bigint(20) NOT NULL,
  `resource_id` bigint(20) NOT NULL,
  PRIMARY KEY (`role_id`,`resource_id`)
) ENGINE=InnoDB DEFAULT CHARSET=utf8;

-- 正在导出表  finder_rotuer.t_role_resource 的数据：~124 rows (大约)
/*!40000 ALTER TABLE `t_role_resource` DISABLE KEYS */;
INSERT IGNORE INTO `t_role_resource` (`role_id`, `resource_id`) VALUES
	(1, 1),
	(1, 2),
	(1, 3),
	(1, 4),
	(1, 5),
	(1, 6),
	(1, 7),
	(1, 8),
	(1, 9),
	(1, 10),
	(1, 11),
	(1, 12),
	(1, 13),
	(1, 101),
	(1, 102),
	(1, 103),
	(1, 104),
	(1, 105),
	(1, 106),
	(1, 107),
	(1, 108),
	(1, 109),
	(1, 110),
	(1, 111),
	(1, 112),
	(1, 113),
	(1, 114),
	(1, 115),
	(1, 116),
	(1, 117),
	(1, 118),
	(1, 119),
	(1, 120),
	(1, 201),
	(1, 202),
	(1, 203),
	(1, 204),
	(1, 205),
	(1, 206),
	(1, 207),
	(1, 208),
	(1, 209),
	(1, 210),
	(1, 211),
	(1, 212),
	(1, 213),
	(1, 214),
	(1, 215),
	(1, 301),
	(1, 302),
	(1, 303),
	(1, 304),
	(1, 305),
	(1, 306),
	(1, 401),
	(1, 402),
	(1, 403),
	(1, 404),
	(1, 501),
	(1, 502),
	(1, 503),
	(1, 504),
	(1, 505),
	(1, 506),
	(1, 601),
	(1, 602),
	(1, 603),
	(1, 604),
	(1, 605),
	(1, 606),
	(1, 607),
	(1, 701),
	(1, 702),
	(1, 703),
	(1, 704),
	(1, 705),
	(1, 706),
	(1, 707),
	(1, 708),
	(1, 709),
	(1, 801),
	(1, 802),
	(1, 803),
	(1, 804),
	(1, 805),
	(1, 806),
	(1, 807),
	(1, 901),
	(1, 902),
	(1, 903),
	(1, 904),
	(1, 905),
	(1, 1001),
	(1, 1002),
	(1, 1003),
	(1, 1004),
	(1, 1005),
	(1, 1101),
	(1, 1102),
	(1, 1103),
	(1, 1104),
	(1, 1201),
	(1, 1202),
	(1, 1203),
	(1, 1204),
	(1, 1205),
	(1, 1206),
	(1, 1207),
	(1, 1208),
	(1, 1209),
	(1, 1210),
	(1, 1211),
	(1, 1212),
	(1, 1213),
	(1, 1301),
	(1, 1302),
	(1, 1303),
	(1, 1304),
	(1, 1305),
	(1, 1306),
	(1, 1307),
	(1, 1308),
	(1, 1309),
	(1, 1310);
/*!40000 ALTER TABLE `t_role_resource` ENABLE KEYS */;

-- 导出  表 finder_rotuer.t_time_deployment_plan 结构
CREATE TABLE IF NOT EXISTS `t_time_deployment_plan` (
  `id` bigint(11) NOT NULL AUTO_INCREMENT,
  `deployment_id` bigint(20) NOT NULL,
  `effective_date` datetime NOT NULL COMMENT '生效时间',
  `expiration_date` datetime NOT NULL COMMENT '失效时间',
  `status` int(255) DEFAULT '0' COMMENT '数据状态  0未删除 1表示删除 ',
  `create_time` datetime DEFAULT CURRENT_TIMESTAMP COMMENT '数据创建时间',
  `update_time` datetime DEFAULT NULL ON UPDATE CURRENT_TIMESTAMP COMMENT '数据最新更新时间',
  PRIMARY KEY (`id`)
) ENGINE=InnoDB AUTO_INCREMENT=2 DEFAULT CHARSET=utf8;

-- 正在导出表  finder_rotuer.t_time_deployment_plan 的数据：~0 rows (大约)
/*!40000 ALTER TABLE `t_time_deployment_plan` DISABLE KEYS */;
/*!40000 ALTER TABLE `t_time_deployment_plan` ENABLE KEYS */;

-- 导出  表 finder_rotuer.t_user 结构
CREATE TABLE IF NOT EXISTS `t_user` (
  `id` bigint(20) NOT NULL AUTO_INCREMENT,
  `username` varchar(100) NOT NULL COMMENT '用户名',
  `password` varchar(100) NOT NULL COMMENT '密码',
  `salt` varchar(50) DEFAULT NULL,
  `locked` tinyint(4) NOT NULL DEFAULT '0' COMMENT '是否锁定',
  `user_alias` varchar(100) DEFAULT NULL COMMENT '别名',
  `department` varchar(100) DEFAULT NULL,
  `phone` varchar(100) DEFAULT NULL,
  `email` varchar(100) DEFAULT NULL,
  `address` varchar(100) DEFAULT NULL,
  `create_time` datetime NOT NULL DEFAULT CURRENT_TIMESTAMP COMMENT '创建时间',
  `expire_time` datetime NOT NULL COMMENT '过期时间',
  `last_login_time` datetime DEFAULT NULL COMMENT '上次登录时间',
  `last_pswd_time` datetime DEFAULT NULL COMMENT '上次修改密码时间',
  `pswd_interval` int(11) NOT NULL DEFAULT '90' COMMENT '修改密码最长间隔时长，毫秒',
  `creator_id` bigint(20) DEFAULT NULL COMMENT '创建者ID',
  `creator_name` varchar(100) DEFAULT NULL COMMENT '创建者名称',
  `remark` varchar(255) DEFAULT NULL COMMENT '备注',
  PRIMARY KEY (`id`),
  UNIQUE KEY `username` (`username`)
) ENGINE=InnoDB AUTO_INCREMENT=4 DEFAULT CHARSET=utf8;

-- 正在导出表  finder_rotuer.t_user 的数据：~1 rows (大约)
/*!40000 ALTER TABLE `t_user` DISABLE KEYS */;
INSERT IGNORE INTO `t_user` (`id`, `username`, `password`, `salt`, `locked`, `user_alias`, `department`, `phone`, `email`, `address`, `create_time`, `expire_time`, `last_login_time`, `last_pswd_time`, `pswd_interval`, `creator_id`, `creator_name`, `remark`) VALUES
	(1, 'admin', 'KnTeH2indTpLa7Oi5pK/cQ==', NULL, 0, '系统默认不可删除账户', '1', '1', NULL, NULL, '2017-12-31 11:43:58', '2127-05-31 11:44:04', '2021-12-09 16:44:29', '2021-09-26 15:21:16', 90, 1, NULL, '系统管理员');
/*!40000 ALTER TABLE `t_user` ENABLE KEYS */;

-- 导出  表 finder_rotuer.t_user_role 结构
CREATE TABLE IF NOT EXISTS `t_user_role` (
  `user_id` bigint(20) NOT NULL,
  `role_id` bigint(20) NOT NULL,
  PRIMARY KEY (`user_id`,`role_id`)
) ENGINE=InnoDB DEFAULT CHARSET=utf8;

-- 正在导出表  finder_rotuer.t_user_role 的数据：~1 rows (大约)
/*!40000 ALTER TABLE `t_user_role` DISABLE KEYS */;
INSERT IGNORE INTO `t_user_role` (`user_id`, `role_id`) VALUES
	(1, 1);
/*!40000 ALTER TABLE `t_user_role` ENABLE KEYS */;

-- 导出  表 finder_rotuer.t_video_analysis 结构
CREATE TABLE IF NOT EXISTS `t_video_analysis` (
  `id` int(20) NOT NULL AUTO_INCREMENT COMMENT '主键',
  `file_name` varchar(255) NOT NULL COMMENT '文件名',
  `file_url` varchar(255) NOT NULL COMMENT '文件URL',
  `time` mediumtext NOT NULL COMMENT '时长',
  `create_time` datetime DEFAULT CURRENT_TIMESTAMP,
  `update_time` datetime DEFAULT NULL ON UPDATE CURRENT_TIMESTAMP,
  `analysis_status` int(11) NOT NULL DEFAULT '0',
  `file_md5` varchar(64) NOT NULL,
  `rate` float NOT NULL DEFAULT '1',
  `media_type` varchar(256) NOT NULL,
  `ruid` varchar(128) NOT NULL,
  `failure` text,
  PRIMARY KEY (`id`),
  UNIQUE KEY `file_md5` (`file_md5`)
) ENGINE=InnoDB DEFAULT CHARSET=utf8;

-- 正在导出表  finder_rotuer.t_video_analysis 的数据：~0 rows (大约)
/*!40000 ALTER TABLE `t_video_analysis` DISABLE KEYS */;
/*!40000 ALTER TABLE `t_video_analysis` ENABLE KEYS */;

-- 导出  表 finder_rotuer.t_video_distribution 结构
CREATE TABLE IF NOT EXISTS `t_video_distribution` (
  `data_uuid` varchar(512) NOT NULL DEFAULT '',
  `cluster_uuid` varchar(64) NOT NULL,
  UNIQUE KEY `data_uuid_cluster_uuid` (`data_uuid`,`cluster_uuid`)
) ENGINE=InnoDB DEFAULT CHARSET=utf8;

-- 正在导出表  finder_rotuer.t_video_distribution 的数据：~0 rows (大约)
/*!40000 ALTER TABLE `t_video_distribution` DISABLE KEYS */;
/*!40000 ALTER TABLE `t_video_distribution` ENABLE KEYS */;

-- 导出  表 finder_rotuer.t_week_deployment_plan 结构
CREATE TABLE IF NOT EXISTS `t_week_deployment_plan` (
  `id` bigint(20) NOT NULL AUTO_INCREMENT,
  `deployment_id` bigint(255) NOT NULL,
  `week_name` int(255) NOT NULL COMMENT '表示星期几  0-6  0表示星期日',
  `effective_time` time NOT NULL COMMENT '生效时间',
  `expiration_time` time NOT NULL COMMENT '失效时间',
  `status` int(255) DEFAULT '0' COMMENT '数据状态  0未删除 1表示删除 ',
  `create_time` datetime DEFAULT CURRENT_TIMESTAMP COMMENT '数据创建时间',
  `update_time` datetime DEFAULT NULL ON UPDATE CURRENT_TIMESTAMP COMMENT '数据最新更新时间',
  PRIMARY KEY (`id`)
) ENGINE=InnoDB DEFAULT CHARSET=utf8;

-- 正在导出表  finder_rotuer.t_week_deployment_plan 的数据：~0 rows (大约)
/*!40000 ALTER TABLE `t_week_deployment_plan` DISABLE KEYS */;
/*!40000 ALTER TABLE `t_week_deployment_plan` ENABLE KEYS */;

-- 导出  表 finder_rotuer.video 结构
CREATE TABLE IF NOT EXISTS `video` (
  `id` int(11) NOT NULL AUTO_INCREMENT,
  `name` varchar(250) NOT NULL,
  `timestamp` datetime DEFAULT CURRENT_TIMESTAMP,
  `format` varchar(45) DEFAULT NULL,
  `status` varchar(45) DEFAULT 'pending',
  `callback` varchar(250) DEFAULT NULL,
  `speedup` int(11) DEFAULT NULL,
  `length` varchar(45) DEFAULT NULL,
  `pivot` int(11) DEFAULT NULL,
  `url` varchar(255) DEFAULT NULL,
  PRIMARY KEY (`id`),
  UNIQUE KEY `name` (`name`)
) ENGINE=InnoDB DEFAULT CHARSET=utf8;

-- 正在导出表  finder_rotuer.video 的数据：~0 rows (大约)
/*!40000 ALTER TABLE `video` DISABLE KEYS */;
/*!40000 ALTER TABLE `video` ENABLE KEYS */;

-- 导出  表 finder_rotuer.video_analysis 结构
CREATE TABLE IF NOT EXISTS `video_analysis` (
  `id` int(11) NOT NULL AUTO_INCREMENT,
  `face` varchar(250) DEFAULT NULL,
  `frame` varchar(250) DEFAULT NULL,
  `timestamp` int(11) DEFAULT NULL,
  `glasses` tinyint(4) DEFAULT NULL,
  `video_name` varchar(250) DEFAULT NULL,
  `gender` tinyint(4) DEFAULT NULL,
  `hair` tinyint(4) DEFAULT NULL,
  `age` int(11) DEFAULT NULL,
  PRIMARY KEY (`id`)
) ENGINE=InnoDB DEFAULT CHARSET=utf8;

-- 正在导出表  finder_rotuer.video_analysis 的数据：~0 rows (大约)
/*!40000 ALTER TABLE `video_analysis` DISABLE KEYS */;
/*!40000 ALTER TABLE `video_analysis` ENABLE KEYS */;

/*!40101 SET SQL_MODE=IFNULL(@OLD_SQL_MODE, '') */;
/*!40014 SET FOREIGN_KEY_CHECKS=IFNULL(@OLD_FOREIGN_KEY_CHECKS, 1) */;
/*!40101 SET CHARACTER_SET_CLIENT=@OLD_CHARACTER_SET_CLIENT */;
/*!40111 SET SQL_NOTES=IFNULL(@OLD_SQL_NOTES, 1) */;
